cleaned_text,emotions,emotion_encoded
im updating blog feel shitty,sadness,4
never make separate ever want feel like ashamed,sadness,4
left bouquet red yellow tulips arm feeling slightly optimistic arrived,joy,2
feeling little vain one,sadness,4
cant walk shop anywhere feel uncomfortable,fear,1
felt anger end telephone call,anger,0
explain clung relationship boy many ways immature uncommitted despite excitement feeling getting accepted masters program university virginia,joy,2
like breathless feeling reader eager see happen next,joy,2
jest feel grumpy tired pre menstrual probably week im fit walrus vacation summer,anger,0
feel particularly agitated,fear,1
feel beautifully emotional knowing women knew handful holding baba journey,sadness,4
pay attention deepens feeling invaded helpless,fear,1
feel extremely comfortable group people dont even need hide,joy,2
find odd position feeling supportive,love,3
feeling heartbroken im sure katniss,sadness,4
feel little mellow today,joy,2
feel like role would tear sails pessimism discontent,sadness,4
feel bcoz fight get mad n u wan na make publicity n let world knows fight,anger,0
feel like reds purples rich kind perfect,joy,2
im sure feeling loss ever go away may dull sweet feeling nostalgia shared life dad luck dad years,sadness,4
feel like ive gotten know many comments emails im appreciative glad part little space,joy,2
survey posts last years feel pleased vague snippets feel little bits capture like someone like dublin st century,joy,2
also tell hopes anyone still feeling stigmatized ashamed mental health issues let go stigma let go shame,sadness,4
feel guilty like going able cook,sadness,4
hate feel fearful absolutely reason,fear,1
feeling outraged shows everywhere,anger,0
stole book one time favorite authors feel like rotten person,sadness,4
feel insecure sometimes doesnt,fear,1
highly recommend visiting wednesday youre able less crowded get ask farmers questions without feeling rude holding line,anger,0
ive missing feeling restless home thinking,fear,1
posted facebook page earlier week ive feeling little grumpy sorts past days,anger,0
start feel emotional,sadness,4
feel cold href http irish,anger,0
feel like defective something baby fever,sadness,4
feel virtuous eat veggies dipped hummus,joy,2
feel honoured included magzine prioritises health clean living highly im curious read magazines concerned health clean lifestyles green parent,joy,2
spent last two weeks school feeling miserable,sadness,4
im feeling peaceful wedding,joy,2
talking coach claudia barcomb coach ali boe long time made feel welcomed union,joy,2
feel completely hated things exercise democratic right speak mind ever ways possible try enact change,anger,0
feel humiliated embarrassed foolish remember others felt way kinds things kind helpful accepting,sadness,4
feel reassured dealing diet right way good,joy,2
feel agree even though imagine rather unpleasant possible cases,sadness,4
im happy mood today feel almost delighted havent done anything different today normally wonderful,joy,2
im feeling really place irritated,anger,0
also know feel nothing friendly affection,joy,2
feel like rather productive weekend cant always say matter much get done,joy,2
im feeling insecure moment,fear,1
feeling pretty anxious day first day work good day helped lot,fear,1
stood finally stood feel like im punished could go back,sadness,4
feel little nervous go gym,fear,1
feel like could go situation become successful competing life explained schaub interview href http bleacherreport,joy,2
stop anxiety feel alone got distractions,sadness,4
im trying feel house style im living creative carte blanche,joy,2
tried see would like liked one girl friends never really worked ever feel emotional connection friends,sadness,4
every intention gardening morning still cool feeling rotten,sadness,4
good feeling excited,joy,2
feel like starting understand blessings come submissive father,sadness,4
think things ive said stuff done makes feel disgusted making happy smile far,anger,0
woke yesterday monday morning feeling little depressed,sadness,4
feel embarrassed,sadness,4
spent wandering around still kinda dazed feeling particularly sociable id hiding couple days getting little unhealthy made go cross hang folks,joy,2
honestly say sistahs chat feel invigorated blessed,joy,2
still feel stupid class cause pbss fault,sadness,4
feel little stunned imagine folks working studio morning feeling,surprise,5
admit im feeling little bit unloved point,sadness,4
feel bit stressed even though things going fun,anger,0
im feeling pretty anxious,fear,1
feel shocked sad fact many sick people,surprise,5
think always proponents idea slightly possible feelings particularly charming new england girl brought around way thinking,joy,2
feel like naughty school girl falling behind,love,3
right handed however play billiards left handed naturally trying play right handed feels weird,surprise,5
feel kind friendly understand feelings,joy,2
go overseas cross border become foreigner feel way never beloved land,love,3
feel disgusted man power talks electricity problem area says even house similar problems,anger,0
feel transcendant splendid,joy,2
finally arrived home couple hours later feeling somewhat exhausted dehydrated even sun burnt,sadness,4
feeling totally relaxed comfy,joy,2
want feel gentle embrace,love,3
feel privileged world,joy,2
people person fuckin reason people feel come bore fuckin petty garbage,anger,0
realized mistake really feeling terrible thinking,sadness,4
suppose feel trusting sometimes,joy,2
came home waiting shower read something made upset thats feel discontent haha,sadness,4
woke feeling crappy tired fighting feeling day maybe pollen barometric pressure dont know know kilter,sadness,4
feel like paradise kissing sweet lips make feel like dive magical world love,joy,2
feeling happy,joy,2
running approximate minute pace feel quite acceptable,joy,2
feel disappointed ex girlfriend call back,sadness,4
feeling people using need enjoying feeling flies carefree tongue alright,joy,2
feeling uncertain merits posting blog frequency earnestness previous year,fear,1
plain feel envious self confidence,anger,0
feeling weird day went away minutes took metformin,fear,1
friend dropped frog neck,anger,0
im feeling angry someone something thoughtful feelings toward soften,anger,0
love neglecting blog sometimes feel faithful readers,love,3
lay bed feeling though awaiting unwelcome visitor nevertheless told strong thought good things felt better,sadness,4
feel heart tortured done,anger,0
still feeling weepy strung maggie treated ice cream movie href http www,sadness,4
feel needy comfortable feel vulnerable secure feel urge cum hard get relief,sadness,4
journaled tendency sometimes overcommit make feel exhausted overwhelmed,sadness,4
started feeling discouraged morning,sadness,4
feel agitated foresee frustrations earlier leading ending relationship,fear,1
grab air smooth frame feels cold touch,anger,0
angry boyfriend promised come see spent evening pals,anger,0
hate sitting hostel writing feeling perfectly fine get home problems wall,joy,2
exercise feel energetic able perform tasks good manner,joy,2
looked mabel morning named left breast mabel right one hazel feel weird mixture anger loss valerie wrote less month diagnosis,fear,1
im feeling pretty disheartened whole thing,sadness,4
feel input valued less potent say irfan pathan,joy,2
feel generous,love,3
even feel little shaky,fear,1
feeling better though dont sound,joy,2
always feel troubled road touring living van recently circus buses place hang hat song lyric,sadness,4
feel world much innocent place,joy,2
feel thoroughly virtuous even daily trip compost bin pleasant experience,joy,2
im feeling anything suspicious really,fear,1
feeling little sentimental today,sadness,4
feel like know starting develop likes dislikes though keen snap evictions seemed pretty pointless first one go returned two webmates made absolutely zero impact missed,joy,2
feel less whiney since sun came sf area,sadness,4
made wonderfull new friend,joy,2
feel almost embarrassed mention single redshank common sandpiper would want mention lone wood sandpiper present waters edge,sadness,4
know easy feel little envious cant tell shouldnt,anger,0
would feel awful whole time,sadness,4
feel mislead someone really really thought knew liked much,love,3
feel like doomed us humans,sadness,4
going check minutes clock screen keeps ticking minutes left feeling bit frantic,fear,1
got sleep could choose woken alarm definitely take anything makes feel groggy,sadness,4
ive boring weeks feeling bit gloomy cause rainy days,sadness,4
feel information vital moving day complete read,joy,2
im feeling generous today heres one may already seen good chuckle,love,3
feel awkward calling one people blue hang rather familiar deeper level kith kin,sadness,4
like feeling get someone even little bit offended offhand remark made,anger,0
get crumble thanks feeling need tell im one fucked,anger,0
controlling growth business every time post work client feel even determined make full time business one day,joy,2
pregnant dean spent rest pregnancy feeling terrified another baby,fear,1
actually feel agitated led terrible day yesterday unable concentrate anything basically piddled day away,anger,0
ed tell know feel shamed eating protein bar breakfast fact ate one makes shameful fact make made hang head tuck tail,sadness,4
feel radiant bright accomplished happy,joy,2
feel refrigerator magnets popular years ago,joy,2
feeling touch deprived happening,sadness,4
feeling apprehensive also wildly excited,fear,1
feeling pretty relaxed time boarded new looking airbus headed hazy sky en route honolulu,joy,2
quiet person say feel important,joy,2
think started feel little homesick,sadness,4
feeling eager start work man works literally says uhm guys want go back see find anything,joy,2
feel uncomfortable since smaller rib cage bigger chest either spilling top tank elastic band support tight loose,fear,1
im feeling reluctant exit freshly cleaned apartment stayed cleaning late last night,fear,1
feel need know depend put position supporting someone else supported someone else,love,3
im feeling rather angsty listless,sadness,4
try best love shed light feel deeply compassionate problems hurt even someone media,love,3
uncomfortable feeling weird feelings sure contractions since never really felt contractions jared jacked pitocin,surprise,5
feel gloomy tired,sadness,4
really like person feel question really asked sincere place love concern move forward light sexuality study recently href http www,joy,2
would force eat normal routine clean meals day started feeling awful,sadness,4
feel rather privileged witnessed great man action really impossible novice like work one four identical looking riders,joy,2
feel like im spa getting wonderful facial use,joy,2
feel petty sudden,anger,0
hope like honest amp raw blog post amp feeling unhappy hope makes feel less alone,sadness,4
feel slightly disgusted well,anger,0
quite surprised weather past days im thankful since still wear shorts without feeling cold yes kidding,anger,0
feel slightly relaxed,joy,2
feel shy admit struggling haul single computer,fear,1
went script would like mustard sauce started feel really startled,fear,1
enjoy colleagues feeling sociable today,joy,2
im feeling ive liked pregnant,love,3
feel tender touch enfold love,love,3
lost people hate really hard time letting go people feel loyal,love,3
interest make effort meet men chance arrises feel burdened negative thoughts another idiot one thing,sadness,4
feel nutritionally supportive well,love,3
feel impatient post blog entry feel ive gotten words written world,anger,0
trying hardest get place join finally feel like something worthwhile say,joy,2
admit feel amused see pti jamiat whole lot others media try avoid suggestion actually protesting use sharia case raymond davis release,joy,2
feel embarrassed got bad,sadness,4
im feeling really bitter one,anger,0
feel brave today heading amman beirut way istanbul feel brave today href http jessicadickinsongoodman,joy,2
fab christmas amazing new year family friends odds feel optimistic,joy,2
feel like loser everyone says lost dont know exactly hate oh,sadness,4
feel defeated others feel refreshed,sadness,4
feeling particularly vulnerable specific area began talking friends interestingly enough incredible understanding struggle,fear,1
go onto officer memorial page reflect feelings wonderful officer seems make feel little better,joy,2
im group people still feel isolated outside looking,sadness,4
feel blessed know family,love,3
feel terrified landlord changed locks yet,fear,1
loosing feel like much share many anything unfortunate anything makes grateful,sadness,4
like eating meals feel virtuous,joy,2
left feeling pretty thrilled opportunity least throw name hat,joy,2
feel kinda weird andrea tries talk chris,fear,1
loved ellie didnt feel insulted rude douche baggy things lothaire said according ellie insults hurt come somebody respect damn straight,anger,0
feel pretty triumphant,joy,2
im enjoying solitary confinement home rarely feel lonely,sadness,4
dramatic feel strongly resolved speak next chance get,joy,2
really dont like quinn feel like end hurting barney hated lame ted robin storyline,anger,0
feel lousy shouldnt focusing,sadness,4
cant remember ever feeling exhausted took trips car last day get everything brought trailer,sadness,4
wrote two years ago many things feel unsure maybe,fear,1
feel suspicious informality lack credentials,fear,1
receive every month make proud feel appreciative,joy,2
feel third situation pretty much sums feelings toward title,joy,2
wanted feel hands reached take waiting eager mouth,joy,2
feel gentle way wth,love,3
got home feeling hot tired great,love,3
feel creative,joy,2
feel talented use computer,joy,2
feel unfathomably rich healthy pregnancy far,joy,2
wish know whether feel sympathetic towards airline american say plane fire pilot exploded whether want set fire say decided walk obligations save money,love,3
want feel pressured,fear,1
still feel frightened world yet near much used,fear,1
im feeling mellow,joy,2
wake early feel grumpy,anger,0
believe come work place try make feel humiliated know deep heart know one ashamed,sadness,4
finally get laugh left feeling delighted exhausted privileged,joy,2
remembering feeling skeptical,fear,1
pretty brazen goals day feel stronger confident going reach desired end result,joy,2
feel dirty talking people personal gain,sadness,4
sat cold flashed back going hockey city classic degree weather feeling cold even though degree difference night,anger,0
feel numb carry wonder get,sadness,4
somewhat coerced blog review feel bit rushed flustered,anger,0
guess wont feel jealous since often mothering pool nice husband,anger,0
im sure feel needing exercise maintain pleasant demeanor,joy,2
feel alarmed,fear,1
think wanted audiences feel impressed inspired entertained stage,surprise,5
wasnt feeling well yesterday morning afternoon laid bed ended familiar youtube black hole,joy,2
terrible feelings hyped talented,joy,2
take half marathon challenge wait see body feels whether pb attempt casual kilometre shuffle,joy,2
help feel pissed sides debate unnecessary dichotomy,anger,0
feel like cant respected self respect regular hate self,joy,2
smiled feeling longing said maybe later buddy make lunch,love,3
truly unfortunate majority time usually drained obtain hard get bed really feel restless others,fear,1
feeling rather damaged,sadness,4
said feel ugly today,sadness,4
left garmin bike going feel coming transition amazing hearing cheers adrenaline going crazy,joy,2
feel smart find ways trick like,joy,2
love dance often feel inhibited body unsure capable hyper concerned people watching opinions style feeling awkward idea supposed,fear,1
feel like cards perfect thing make,joy,2
feel like heroine tragic manga,sadness,4
feel safer working part time casual hr,joy,2
ambushed apparently fault feel worthless,sadness,4
feel privileged part something eternal precious lord jesus shed blood churches like could exist,joy,2
feel wholly inadequate task,sadness,4
feeling bit naughty scanning article magazine know many people would love read thi,love,3
see pitchers mound little league diamond feel anxious looks isolated,fear,1
feel like joining masses goes rebellion popular mentality ha goth take peace knowing making resolutions everyone else,joy,2
feel disillusioned occult come feel greater connection earth,sadness,4
feel stupid whenever happens,sadness,4
come home feel shitty cant bring work need,sadness,4
feel like irritable sensitive combination skin finally met match,anger,0
like though top makes feel clever association,joy,2
practice meditation feel overwhelmed hopefully become successful peaceful practice,surprise,5
feel like vain cant right feel wrong heart mine,sadness,4
hope everyone help charity work without feeling stressed things,sadness,4
feel guilty putting child daycare,sadness,4
get frustrated unresolved issues past severe negative effect behavior feel must angry resolved,anger,0
feel blessed beyond blessed share life week,love,3
feel devastated things lost remind grateful still,sadness,4
im feeling energetic,joy,2
come understand feelings neither positive negative,joy,2
like asked reason behind mood feeling gloomy laughs,sadness,4
feel really bothered lack time get find inspiration,anger,0
used able hang around talk cashier putting away money feel rushed stressed take second fumble coins put purse,anger,0
feel frustrated world around lies shattered go walk rain body could see eyes full tears delivery system justice conceptualized courts learning hard way,anger,0
realized passionate helping women feel accepted appreciated,joy,2
could change emphasis say stella noticing feeling impatient,anger,0
like outsourcing picky sod usually end feeling dissatisfied work others force outsource need realize everything,anger,0
feel blessed honored get parents,love,3
feel welcomed little weird,joy,2
feel like entertained sd day,joy,2
ive struggled mightily today even though feel cranky tired unmotivated still really going going sleep eleven thirty,anger,0
remember sitting porch feeling drained alone even sunlight bathed hair warm radiance light breeze cooled cheeks,sadness,4
didnt feel rushed things dhawan tweet script type text javascript src http platform,anger,0
realized feeling really irritated saying,anger,0
balancing hands feet hanging feels like pretty far im terrified let drop im totally calm time hanging,fear,1
feel fucking worthless,sadness,4
feel like lot men royally fucked go life wreaking havoc end destroying process,anger,0
feel devastated art style copied,sadness,4
feel fine feeling well fine,joy,2
begin feel distraught must,fear,1
also didnt feel could mad god know inside god nothing without purpose,anger,0
think feeling little drained work well,sadness,4
gather supplies start check progress via internal exam head midwife prepares start iv calmly asks others assistance feel reassured calmness,joy,2
feel crappy eat crappy,sadness,4
feel numb,sadness,4
feel extremely honoured received prestigious award,joy,2
im feeling adventurous successful quest far,joy,2
feel thrilled three distinguished individuals,joy,2
figured parents wont make feel accepted stopped trying turned romantic relationships men,love,3
left feeling empty,sadness,4
feel pretty much like scene href http www,joy,2
may really feeling superior certainly feeling answers wasnt,joy,2
feel ludicrous wasting space trite looked book first come something little original,surprise,5
feel like wimpy canoe floating towards rising tsunami,fear,1
feel sympathetic towards tired weary see split second doubt could make effortless action standing still seem like better option,love,3
start feel unloved unappreciated,sadness,4
want know feeling loving loved,love,3
feel strange talking less serious things right like cooking,fear,1
sometimes urges freak feel bothered usually nothing caused feel bothered irritated scratch arms mad,anger,0
feel miserable doesnt care,sadness,4
surprised cause like ok feel crappy continues like days really try avoid getting sickness,sadness,4
im feeling slightly irritable today,anger,0
like add things already completed day new list feel productive cross,joy,2
always feel rushed emails dont like asa este,anger,0
feel like sweet apple,love,3
impressed show especially hs moved talented kids feel passionate productions music theatre schools always happy endorse many hs productions throughout seasons time,love,3
feel like supporting somehow im sure,joy,2
lot going life feel overwhelmed,fear,1
took granted weeks ago really weird makes feel really agitated frustrated,anger,0
also know feels like relationship feel like burden much worth loving pursuing,love,3
know mean feeling agitated,fear,1
feeling pressured blog bad,fear,1
feel like sociable aaaah,joy,2
didnt feel deprived chai morning,sadness,4
feeling unsure near breaking point,fear,1
remember leaving church feeling invigorated every sunday tuesday night,joy,2
nolonger tell anybody feel im thinking cause seems get hated already,sadness,4
asked meant shes gon na feel jealous loada girls said maybee like bitt,anger,0
feel supporting troops demanding send young men women harm way bear arms country done nothing threaten us point,love,3
feel funny sometimes,surprise,5
feeling crampy cranky,anger,0
indicated feeling quite overwhelmed work responsibilities teaching traveling writing,fear,1
say even feeling embarrassed pause rewind dvred commercials breaking dawn preview comes,sadness,4
spend lot time feeling disappointed better job attaining goals,sadness,4
feel stressed love feeling calming spirit heavenly father feeling keep working,sadness,4
feel thankful greeted many friends families,joy,2
longer feel doomed falling abyss way,sadness,4
bought urban outfitters could fit mm film feeling remorseful ever since,sadness,4
feel accepted,love,3
ive feeling briar beagle would give one disgusted looks even tried exercising souless surroundings,anger,0
need accept treated like princess everyday without feeling dumb situation,sadness,4
got nap feeling really rotten exhausted feel like could wilt onto floor sitting,sadness,4
feel indecisive,fear,1
feel pressure vessel seriously damaged far radiation would leaked said,sadness,4
better things feel humiliated,sadness,4
feel check wonder see got get loving unconditionally,love,3
ive feeling bit melancholy,sadness,4
believe feeling accepted non judgemental way healing,joy,2
feel stressed,sadness,4
feel benevolent enough buy peanuts treats,joy,2
feel fine class pin button count layout horizontal pin,joy,2
feel worthless useless past weeks im certified stander home,sadness,4
feel immensely distracted barrage media receive solicit,anger,0
ive feeling adoring fans would teh whole like friends felt brave excited ventrured forth guitar hand local open mic night,love,3
love captured atmospheric feeling landscapes really impressed,surprise,5
hand started fondling aching cock fabric boxers instinctively arched back feel delicious sensation,joy,2
feeling energized productive creative,joy,2
feeling lucky,joy,2
feel vital keeping spirit young even body fades,joy,2
feel agitated annoyed worried fearful feelings easily lead short tempered family feelings disharmony,fear,1
still feel scared every time go strange place,fear,1
feel author talented,joy,2
feel jaded bored,sadness,4
im pretty sure week half although im feeling kind betrayed disillusioned men moment everythings okay,sadness,4
feel like ive lost mind,sadness,4
could feel breath smell sweet scent,joy,2
could take beliefs feelings lock safe somewhere get human life squared away everyone know would lot happier perhaps,joy,2
feeling sinfully horny sunday morning,love,3
feel like someone listen sympathetic,love,3
ive feeling little blank could think nothing write might interesting explore mind captivated,sadness,4
feel sleep drained head sat dog nudging affection wife wanting affection,sadness,4
feel aid women infertility disorders valuable individual guidance offered restricted number people,joy,2
remember feeling envious would young healthy person envy someone barely survived,anger,0
im still feeling emotional,sadness,4
im last bit sleep get morning feel like emotional energy waits,sadness,4
know nothing going change even feel envious people cant stop feeling jealous people human beings instinct act,anger,0
im happy feel energy inspired crafts,joy,2
struck masculine feel strong graphics deep colors months painting nighthawks edward hopper,joy,2
feel like youre body im trying affectionate feels like im molesting stranger dont even know,love,3
think opposite get feel defeated everything possible keep baby healthy sugars check,sadness,4
trying feel bitter else feel seems desire pretty much impossible,anger,0
feel nagged stop caring,love,3
feel totally useless today,sadness,4
feel honored receive grassroots preservation award,joy,2
feel contented hearing said hellip,joy,2
reminded pavement yurusei yatsura coheed cambria without feeling offended ripped,anger,0
feel positive regard,joy,2
im feeling lot less ugly duckling lot href http,sadness,4
suppose one feeling generous one could say stressed elevator ride,joy,2
im feeling kind melancholy really want go home cuddle boys,sadness,4
feel like people love want need talk connect anymore fucked mental health emotional problems help contribute contain understand encompass,anger,0
feel suffering bear take refuge lord blessed sacrament speak profound silence,sadness,4
feel afraid agn lol whats new,fear,1
writing sharing much story believe heart world needs know riches god feeling angry towards trying bash people leaders parents,anger,0
im feeling dazed alot things mind,surprise,5
feel scared voices start speak,fear,1
feel honoured part bond family much hope chance work sometime future,joy,2
feel insulted pete edochie responds death,anger,0
feel hostile extent,anger,0
always feel pressured,fear,1
electrocuted thumb cant type well cant really know feel fingers acceptable excuse late paper,joy,2
carried phone pocket feel pull get lost,sadness,4
sit writing feel unhappy inside,sadness,4
could feel mother sympathetic dread diagnosed,love,3
get disappointed makes feel rejected especially disappointed loved one,sadness,4
left feeling brow beaten,sadness,4
feeling vulnerable nervous worried anxious bit lost,fear,1
feeling defeated usually pick things easily way getting,sadness,4
certainly acquired taste lately many around seemed feel taste bitter,anger,0
feel rich life real online filled friends family would want live without,joy,2
feel bad saying happy dont think way im going anymore,sadness,4
ive feeling afraid lot lately,fear,1
see momo feel shy momo hmmm gt heyy momo,fear,1
feel amused looking little turtle sneaked,joy,2
purple month doesnt feel surprised fact zhuo feng many pupils clear xiao identity dont even say main star feng young,surprise,5
feel like way humiliated asa guy obssessed played embarrassing joke getting caught tabbys wife tabby lover married blindly fell love,sadness,4
feel like breathing delicate dried rose petals sometimes,love,3
im thankful feel somewhat energetic instead dead fish would become every time every chemo,joy,2
feel honored today want share emotion gratitude received complimentary email someone reads thought provoking perspectives,joy,2
ive tried bare minerals makes feel like face dirty,sadness,4
feel quite passionate old children undergo beauty treatments,joy,2
feel like going struggle fail suffer really dumb,sadness,4
im feel little bit shy talked second manage saw eyes theres something girl,fear,1
love place series real heroes love way couples books fall love feels violent crazy place call home,anger,0
feel lively full bounce,joy,2
always sincere nice feeling sociable compassionate helpful girl,joy,2
feel like obnoxious nagging call times everyday tag alonger finally sick tolerating giving cold shoulder,anger,0
loved feeling got amazing slalom run whether training race,joy,2
feeling especially shy awkward know many people,fear,1
im still feeling little groggy lack sleep shall try replenish,sadness,4
sitting home revising today feeling quite stressed,anger,0
guess feelings meant inhibited prohibited,fear,1
embraced feeling thankful middle wall partition thus far broken,joy,2
began feel strange,fear,1
feel pressured constrained choices behave particular way felt busy,fear,1
one low carb meal bars breakfast feeling smug spotted left pies muffins attractive foods,joy,2
im going life feeling rather totally numb,sadness,4
dont want flowers candy kind guy knows like thinly sliced limes mineral water makes feel glamorous humored pretentious,joy,2
feel unprotected class post count link href http reprogramming process,sadness,4
always feel really confident life choices go home,joy,2
feeling frustrated session attended,anger,0
feel like last year especially gone girl woman despite hesitant always getting older next year twenty four surprised pleased done,fear,1
feel attacked insulted helpful realize idea attack alive well mind,anger,0
ive missed feeling ive missed ive missed something work towards keeps focus keeps phone potential trouble get,sadness,4
im feeling bit uncomfortable,fear,1
know nowhere near worse brethren overseas right feel like im physically emotionally spiritually assaulted,fear,1
feeling reluctant overwhelmed try think alternative abandoning dream,fear,1
usually like sam sometimes gets downright whiny admit mistakes made due sibling rivalry pride eventually led end season kind made feel less tragic whole thing,sadness,4
hope shes feeling generous today treat japanese food something haha great day,joy,2
feeling bit offended,anger,0
offend easily feel intelligence insulted,anger,0
always feel bit awkward comment someone blog invariably go rabbit trails feel though overstepping like tell find feeling way mind slightest,sadness,4
feel like may coming point tv series show incredibly popular sadly writers coming end story lines soon nothing left keep plot float,joy,2
entertaining memory time feeling like guy movie dazed confused says keep getin older girls stay age,surprise,5
continue enforce playdate policy meant continued feel angry twice day horrible morning drop afternoon reminded noah couldnt play bad drop missing mommy,anger,0
woke feeling groggy grumpy like last thing wanted make dinner,sadness,4
wake feeling like something terrifyingly bad bound happen even get chance stick limb outside covers,sadness,4
feel god life ever things wonderful right,joy,2
feel like ive neglectful friend due fact feel like hinderance stay away,sadness,4
know could look upon sea sky without feeling mildly discontent,sadness,4
hate feeling like bullshit ok done bye,joy,2
tasted hari raya cookies feeling greedy would go prebook kueh makmur tart know hygiene standard ingredients,anger,0
sit feeling drained really wonder reach point,sadness,4
buy something go look else didnt buy bit comparison suddenly feel dissatisfied purchase,anger,0
ive feeling incredibly inadequate usual gotten point almost feel paralyzed,sadness,4
im amazed many men say feel unloved house messy fix dinner,sadness,4
feel restless weekend heading way,fear,1
feel ugly cover beautiful blanket make believe gown,sadness,4
always said felt blessed today feeling reassured many times,joy,2
cant strappy shoes work feel weird took thrifted ninewest,fear,1
love fact look best feel terrific eat right constantly exercise,joy,2
decent article knew likely good information initial response feel offended want argue despite fact talking exactly,anger,0
moments feel overwhelmed eyes well tears,fear,1
started feeling thankful food able enjoy delicious things got cooking baking healthy meals family,joy,2
want tag people think silly people want tagged want make feel unwelcome,sadness,4
im taking allowing get sleep wonderful leaving feeling groggy nauseated,sadness,4
feel unpleasant drop stomach elevator doors open floor,sadness,4
feel highly talented bunch roling cyclinders,joy,2
feel hand stay faithful,love,3
focused heavy breathing even strides drops sweat forehead forgot feel socially awkward,sadness,4
cant help feeling way,sadness,4
feel like would order carryout lived area still curious try tacos,surprise,5
feel afraid whatever ad anything happen idc good bad afraid hope god help whatever,fear,1
entered living room horrible feeling aching depths stomach,sadness,4
feel glad finland well known visual artist vesa kivinen called work,joy,2
feel relatively safe normal whatever might call,joy,2
feel bitchy saying think next saturday want alone,anger,0
feel honored shortlisted within patient ambassador volunteer category recognises members public staff provide outstanding help support volunteering providing patient opinions either public partnership forum patients panel,joy,2
feel quite helpless prayer effective tool answers nothing else offer right,sadness,4
know feel pretty disgusted nonstop lefty propaganda ministry churns public tuned,anger,0
feel complacent satisfied,joy,2
ventured fabrics amp fabrics whim yesterday feeling bit nervous knowing would tempted beyond comfor,fear,1
havent feeling homesick knowing getting together enjoy mums cooking make want teleporter,sadness,4
feel ugly hated,sadness,4
feeling whether mad sad disappointed peaceful,anger,0
feel talented enough team win games go deep tournament,joy,2
feel innocent one dream fill brain crazy,joy,2
never feel depressed cancer learnt live sleep,sadness,4
feel pressure falling shoulders im feeling slightly doubtful leads unhappy thoughts usually like optimistic self must say,fear,1
kind feel little petty,anger,0
hostage negotiator case feeling hopeful future,joy,2
believe people choose causes feel passionate right desire push charities worthy another,joy,2
feel privileged allowed sanctum studio many different paintings studies lining walls morph grow week week,joy,2
grew feeling rejected male peers,sadness,4
feel like make valued input tried much possible ensure equal part construction,joy,2
described feeling feeling control completely restless fear could still happen obsession trying fact working,fear,1
feel important fancy room fancy furniture nice view downtown dallas,joy,2
wan na feel good,joy,2
never feel like im supporting,joy,2
want snap simply feel simply live laugh enjoy life matter idiotic,sadness,4
assumed would feel casual,joy,2
admit left feeling shaken bit goose,fear,1
feel dangerous especially new believer grounded word god,anger,0
rearranged furniture flat got stuck chair,anger,0
feeling stressed bit anxious,anger,0
persevered storm rejections feeling confident god called,joy,2
feeling comfortable first fight saw things working expecting better rendall munroe think might underestimated first time around,joy,2
im quite sure really feels im pretty sure realizes going miss getting watch parade something really enjoys,joy,2
feel somewhat fake group,sadness,4
feeling particularly pissed wanted go party,anger,0
feel like im still quite bad describing feelings good words beautiful phrases,sadness,4
feel heartbroken paul walker tragic disappearance life someone generous beautiful talented end way horrible individuals keep living torturing assaulting killing people,sadness,4
feel perfectly mellow,joy,2
feel give credit jen mitchell gorgeous card href http www,joy,2
alternating feeling thrilled see dads family weekend terrified black sheep among normalcy,joy,2
feel sweet boy,love,3
feel helpless superfluous jenn elaine naturally,fear,1
thought didnt feel anything anymore ok well today different story feel want heart hurts thinking wont around still want around guess still valid,joy,2
im feeling better hopefully things start falling back old routine,joy,2
hope feel incredibly cool,joy,2
watched news tv,anger,0
really go looking definately see enjorlas marius ship comes though sadly feel mostly one sided marius nothing rich schoolboy following whims without thoughts concequences,joy,2
feel gracious gesture apologizing latest post osp rand license terms,love,3
get people asking feels like hated man dallas county said assessor steve helm,sadness,4
reported feeling marginalized intimidated subjected threats retaliation,fear,1
im sure im peace situation im feeling bitter past five months something changed within,anger,0
feeling profoundly peaceful,joy,2
feel bad accepting,sadness,4
tried sorting area cat houses lunchtime guess printer ordeal feeling quite uptight put hold,fear,1
made make feel dumb dumber,sadness,4
power feeling justify laziness bitchy skinny girls,anger,0
feel like sweet company finally coming together,love,3
im making mood icons right let see feel think course charming,joy,2
feel like accepted bucking force coming quarters tells something wrong married children,joy,2
apologise pictures good quality youre stuck ideas feel free check websites captions,joy,2
feel fine even though ive burned dinner oops,joy,2
feel divine landmass respect bear heart greatness residing,joy,2
feel like im fond word,love,3
feel vulnerable knowing come feel like rest life depends today,fear,1
feel damn agitated,anger,0
feel confident around always needs help,joy,2
feel annoyingly isolated hostel people talking outside room etc,sadness,4
feel like alcoholism something widely accepted norm gay culture,joy,2
im realizing didnt diet coke today makes feel proud regardless junk consumed today,joy,2
also feel accepted dark side finally realizing dark side healthy,joy,2
spoken feeling getting stronger curious others similar thoughts,surprise,5
feel bit dull,sadness,4
hope understands way feel hope sees could miss putting petty negative thoughts aside,anger,0
feel blessed able share,joy,2
feel little virtuous things hand nini tasted better,joy,2
say want people person feel mellow right,joy,2
pull one favorite books make feel miserable,sadness,4
feel convinced im going shy away whatever really good,joy,2
feel kind awkward goes,sadness,4
feel like surprised development,surprise,5
snuffling feeling dull,sadness,4
need feel creative productive,joy,2
god chosen help daughter become woman god intended even feel perfect,joy,2
feeling bad except ribs aching pulled muscle shoulder blade region excruciating hours hacking lungs last night,sadness,4
point feeling resentful toward want,anger,0
write feel oddly calm like wanting relax big chair lay sun,joy,2
feel really inspired,joy,2
know tell people feel question sincere sacred treasures,joy,2
sit cry feel wronged wont change outcome,anger,0
worried maybe sleeping well getting enough milk feeling lethargic,sadness,4
going actively learn genres practice feel feel dancer gt fearless courageous confident phew,joy,2
started feeling little stressed leaving time making sure got getting ready pictures wanted everything seemed workout perfectly,anger,0
feel like ugly monster show really lest seem weird plainly outcast,sadness,4
feel little guilty exceptional little girl ethiopia home arms blog continues surround goosey,sadness,4
feel need layer fake tan night give bit colour clothes,sadness,4
feel real emotional connection ice queen north revealed inhumanity runs bloody family,sadness,4
designing earrings customers bridesmaids feel honoured,joy,2
could adopt messages could think help make feel peaceful grateful happier right,joy,2
feel quite worthless hear pretty normal north americans point,sadness,4
feel well enough cook,joy,2
feel bad hes stood bewildered,sadness,4
could feel hundreds loving people around world connecting earth simply beautiful,love,3
feel generous spirit forgiving nature closes accepting gifts universe,love,3
feel accepted loved community derby girls helped create,joy,2
feel utterly disgusted right contemplating death every waking moment ever since uttered words,anger,0
often feel confused whether bipolar really hard core sinful nature,fear,1
feeling thankful,joy,2
feel privileged played,joy,2
read time amp place feeling less perfect,joy,2
im happy feel pressure one thing another amp makes unhappy,sadness,4
feel worthwhile give depth city sized look one cycle days,joy,2
still feeling exhausted workouts monday tuesday go walk park,sadness,4
grabbed dog hugged fiercly next hour began feel bit like havent completly shaken feeling feeling rather depressed anxious day,fear,1
found feeling inhibited shushing quite lot,sadness,4
admit jet lagged daylight feel groggy almost hung night everyone tucked snoozing light pops brain transform ever ready bunny,sadness,4
often throw work maxim last week feel discouraged way move forwards offer encouragement others,sadness,4
feel lot better way wrote bit code,joy,2
supposed feel sympathy emma im afraid failed,fear,1
feel inside life like game sometimes came around walls dissapeared nothing surround keep fears im unprotected see ive opened youve made trust coz ive never felt like im naked around show,sadness,4
energy get angry upset anymore feel little resigned,sadness,4
cant tell many times four months seeing seriously serious emotional talks one us feeling tender,love,3
feeling emotional brothers arrival,sadness,4
im even feeling liked girls hate pretty much everyone,love,3
go day feeling movements amazed something miraculous happening body like special secret,surprise,5
feel valuable want share,joy,2
feel unloved without next im,sadness,4
feel falling pit buying think real skeptical women,fear,1
learning deal nausea amp manage unpleasantness work trying keep anyone knowing sister told need suffer amp feel miserable amp call dr zofran,sadness,4
im feeling greedy right,anger,0
justified feeling slighted ungrateful,sadness,4
feel like waiting wings patiently waiting distracted enough take take everything love world away destroy,anger,0
feel like fucked big time protect,anger,0
feel like mind blank empty,sadness,4
feel comfortable playing games presenting bad guy really misunderstood good guy vice versa,joy,2
listen advice eating disorder actually feel better,joy,2
bought gb iphone got apple store credit feel like sympathetic early buyers responded appropriately,love,3
im feeling lot optimistic future,joy,2
feel pissed angry,anger,0
couldnt help feeling awful predicament lives daily nightly basis glad bel started see light stuck stood daniel whilst one else including family im afraid got really disgusted,sadness,4
im feeling completely mellow perfect tonight,joy,2
feel curious would like explore top helterskelter like plant,surprise,5
ive learned angels earth feel feel stand loving thought healing heart steady hand would also offer without moments hesitation return always,love,3
feel packaging really lovely product everything ask,love,3
feel ive ignored long year,sadness,4
know different feel hugs kisses im perfect way,joy,2
feeling little relaxed certainly feeling refreshed thanks drunk dudes decided letting fireworks every half hour night would super fun fact impossible sleep freezing cold complaining toddler certainly rebooted,joy,2
definitely feel useful information anyone facing similar questions time life,joy,2
feel sense melancholy,sadness,4
im sad people unhappy flag religious reasons know many religious people feel goes faith supportive,love,3
feel brave though,joy,2
walked near hotel felt obvious uneasy warnings petty crime read guidebook maybe residual years ago left feeling threatened,fear,1
feel like finally losing stubborn little bit extra stuff lower belly,anger,0
feeling overwhelmed trying think women,surprise,5
remember feeling frightened could feel emotions high level,fear,1
feel inside coz fucking horny,love,3
tested positive never taken drugs feel innocent says martina,joy,2
im proud words describe way makes heart feel thank god supportive amazing hubbard,love,3
made sex feel women enjoy sex body emotions admired respected,love,3
feel need work acceptable conversation fodder,joy,2
hiked long steep hillside loaded grass bushes feeling pretty doubtful id able find,fear,1
really like color scheme since makes feel peaceful clean simple,joy,2
feels lame,sadness,4
personally feel creative present everything packed inside brown paper bag,joy,2
feel fearless post grieving days,joy,2
feel blessed married loves stepchildren,joy,2
dropped martin back dd pulled feeling exceptionally outgoing waved talked neighbors downstairs,joy,2
feel faithful ever,joy,2
feeling relieved feel,joy,2
sometimes feel bit unwelcome,sadness,4
feel complacent moment,joy,2
feel passionate arouse emotions seem things need learn something emotion tells need grow direction,love,3
feel makes person love happened something find acceptable,joy,2
lost yarn overs done first lace project feeling pretty pleased,joy,2
want know become prime minister less year time proud friend israel jew someone feels proud part community gathered today,joy,2
feel somewhat safe give hosting try,joy,2
follow many people many followers however feeling people talking may know trying rude real,anger,0
never feel lonely long people love support work,sadness,4
much going life constantly running like crazy always steal quiet moment acknowledge child overwhelming excitement anticipation feel god truly faithful brings everything around,love,3
suspect reasoning may simply lull apple feeling complacent,joy,2
feel exhausted,sadness,4
prepare feel thankful events touch upon many different concerns poetry language issues pacific aesthetics avant garde eco poetry,joy,2
met present boyfriend boat trip england said would call got back sweden going town england soon walked called england could wait till came home,joy,2
feel inspired many thing want write,joy,2
im hurt feel unimportant,sadness,4
feel like uninstalling skype deactivateing facebook amp hatena accounts since im becoming hateful person amp dont want get worse right,anger,0
began feel shaky nauseous yearned connection cairns make deprivation,fear,1
feeling adventurous though went asian flavors ginger sesame oil salad,joy,2
playing sport advanced pe class many people advanced,anger,0
cause extreme worry distress ground remember fondly forever mary prepares feel unfortunate time eventuallythe intense emotion sexual lovein condescend come hand puts strength wu mouth dont let oneself cry,sadness,4
feel greedy holidays forgetting responsibilities,anger,0
mean feel like broke record sometimes,sadness,4
feeling rather heartless recently heard words unconditional love could find,anger,0
feel dissatisfied accustomed healing,anger,0
im feeling doubtful patterns colors working together cant sure everything comes together,fear,1
want get back habit blogging cool fun things im also trying get rut writing feeling shitty,sadness,4
still healing heart broken still healing broken dreams still doubting still feeling confused,fear,1
gents feeling lousy last weeks ended trip hospital last saturday put damper wedding anniversary,sadness,4
read learn interviews feel like could never deserve someone kind compassionate,love,3
feel thats strange wotcs behalf,surprise,5
take walk park feeling joyful,joy,2
feel calm silent protected definiteness existence,joy,2
want feel assured life good know trust lord,joy,2
feel safe berry,joy,2
im feeling envious already,anger,0
suck boring dull town feeling missed family bf,sadness,4
feel like cute things dont feel comfortable dont know put together,joy,2
feel like emotional cutter,sadness,4
wake morning go sleep evening feel seed voice heart screaming empty stitched heart,sadness,4
received blanket absolutely amazed fluffy extremely soft really didnt think going feel amazing,surprise,5
feel sometimes im talented enough,joy,2
feel would foolish perhaps little disrespectful consider long hilly race,sadness,4
mention oldest child youngest feelings hurt,sadness,4
woke today feeling kind strange,fear,1
im sick feeling unimportant like nobody needs,sadness,4
feeling quite distressed dejected battle insomnia,fear,1
feel hated cempaka,sadness,4
feel numb many fucking feels shorted feeling,sadness,4
often use disney cheer im feeling low past couple days exception,sadness,4
ive feeling little defeated maybe even looked,sadness,4
feel shy wearing,fear,1
say long enjoy story entertains makes feel emotional whether sad happy angry disgusted plain horny really gives damn,sadness,4
wept jackson slept feeling overwhelmed feeling want die,fear,1
feel confident personal life right work life going well boss slowly understanding continually ask demand address tough issues cause problems various departments,joy,2
dont know whether presence reason feel homesick uk us makes miss former home,sadness,4
mentioned last blog started get feeling pressured studying things like also made person might fully,fear,1
unwillingly always leaves feeling grouchy unsettled,anger,0
give men women complain lot heals wear least wear dress feel cool summer,joy,2
feel like listening chinesepod working mandarin really want listen savage love podcast car talk,anger,0
feel assured guns locked away gun safe making impossible children access,joy,2
also feel conversation could dovetail quite easily another images objects ugly serve purpose ironic,sadness,4
dont want make blog something whine time feel like ive beaten two four something,sadness,4
feel bad wasting time effort nothing,sadness,4
feel overwhelmed,surprise,5
kept trying make feel better,joy,2
get making employees feel valued really economy another k jobs dumped last week alone suspect majority people thinking like rudy thank god still job,joy,2
feel lucky theyve chosen share lives,joy,2
feel embarrassed enough,sadness,4
im feeling sorry though think poor people lost lives everything due sandy,sadness,4
told people class leader choose friends true,anger,0
stop feeling guilty,sadness,4
know people fond treat going getting pedicure sit enjoy wonderful feeling someone else massaging tender tootsies flipping pages book magazine,love,3
first read book college helped cope feeling helplessness fear uncertain future,fear,1
get creative feel like sit chat customers people lovely even kermit helps see,love,3
get feeling donald smart enough educate densely focused meanderings inherent shortcomings,joy,2
feeling frantic,fear,1
feel extremely dangerous wandering sea,anger,0
grateful filled general conference feel joyful power spirit wonderful weekend,joy,2
think viewers tonight enjoy show coming malm like things less fond things hopefully feel entertained smitten feel urge cast vote regardless country voting tonight,joy,2
ever want feel vulnerable,fear,1
bought doraemon backpack charity store every intention putting etsy store feel like cute sell,joy,2
im looking upon next year adventure likely make curse mathematics subjects hell eventually make feel relieved,joy,2
put without words since cant type lovely morning yes im feeling sarcastic today,anger,0
feel kind unwelcome many catholic communities hope isnt case,sadness,4
lift different hurt bad day happened get mind feel bit timid,fear,1
feeling rather homesick today decided make list typical city sight might come use decide visit switzerlands largest city,sadness,4
im sure ill feel playful soon cant right,joy,2
couldnt feel blessed time,joy,2
feel like rich purple gold match made heaven reinforces belief,joy,2
sit hostel nearly two months ago time wearing jacket feeling toes might little numb cold,sadness,4
feel lost without,sadness,4
feel smart figure things,joy,2
im graduating two days feel sad right,sadness,4
feel naughty step outside species compellingly different,love,3
want feel less stressed,sadness,4
still feel nervous,fear,1
put mind odd feeling vicious cruel natural order seems one able escape town cycles predator victim catching anyone trying elevate mire,anger,0
feel violent ever right,anger,0
feel ecstatic privileged,joy,2
feel perfect event,joy,2
came away expereince feeling like encounter divine,joy,2
feel slightly saddened know kids also resigned absence,sadness,4
sit snowy ohio countryside christmas eve feeling like postcard thrilled announce found,joy,2
im feeling hopeful coming summer,joy,2
feel bit like naughty kid went spent last pence bag full e numbers guilty,love,3
tune rest world focus rhythm needles softness yarn time feel peaceful,joy,2
say feel alone br style color line height,sadness,4
feeling heartbroken lonely watched second younger sibling get married leaving lone single adult family,sadness,4
lost pounds also started feel really awful,sadness,4
enjoy work genuine feel pleasant message trying deliver,joy,2
knew except lost girly feeling gained graceful wisdom,joy,2
feeling bit ungrateful choose correct,sadness,4
notice different question feeling agitated,fear,1
feel like noob customers make really dull stupid jokes im supposed find funny,sadness,4
getting sent company expense trip another state work week plan,joy,2
feel insulted heroes cosplay goons said care,anger,0
eat good breakfast feel energetic throughout whole day feel clock slump,joy,2
feel strongly supporting charities help children,joy,2
ever seen life laceys constant disapprovements rikkis extreme happiness wasnt feeling quite carefree,joy,2
started thinking spaces made feel creative characteristics,joy,2
usually ignore page invites irrelevant facebook game invites impersonal feels insincere,anger,0
feeling playful morning,joy,2
feel like im pathetic little desperation,sadness,4
feel totally completely accepted loved heavenly abba pointing sin life,love,3
feel fond though feels like amalgamation many people already know,love,3
feel like teams would appeased jackson point eagles terribly stubborn,anger,0
feel like damaged goods one want,sadness,4
think love enough feel pretty insulted rawr,anger,0
help feeling lucky little know,joy,2
also feel need say thank boy helped realize showing absolutely splendid hot night,joy,2
never tell feel really sucks think gets really bothered,anger,0
ive also nosy website seeing coming time year im feeling strangely festive ive picked top five products href http www,joy,2
suppose natural id start feel little homesick new england time year,sadness,4
really feel like successful identifying pretty scary early warning signs sticking foot door shut,joy,2
cant help think id shut id made big deal essentially two adults meeting table hot beverage perhaps wouldnt spent bulk weekend feeling like stupid shit,sadness,4
feeling really stressed due homework studies increased rapidly last week,sadness,4
im begging fate mess next cycle let look pretty one least go feeling reassured,joy,2
input class size medium wp image height src http techfeel wp content uploads google hindi input x,joy,2
ive got learn mindful feel time im suspicious feeling,fear,1
feeling much relaxed,joy,2
feel acceptable make requests using name,joy,2
feeling lot pissed people sea org hollywood scientology become monster devoured wa wonderfully sleazy bohemian area,anger,0
feel pained,sadness,4
reading sewing circles feel completely happy cant spit face imperialism least lesbian,joy,2
feeling pretty fearless,joy,2
feel bouncy twitchy sudden,joy,2
feel like mellow restive dream maker,joy,2
feel passionate joy,joy,2
nostalgic feelings met wonderful people online online internet like second life,joy,2
feel rejected trying find path stronger relationship bond god,sadness,4
dont know deal feel like becoming apart im afraid im going associate regular things never forget,fear,1
think fact know lot time play catch also free time first time feels like forever really free time,joy,2
feel extremely privileged live country vote legitimate matters,joy,2
feel strange gratitude hated israeli occupation sinai lasted actually recognizing importance sinais history,surprise,5
im much peaceful happy house clean food good kids arent feeling needy,sadness,4
felt birthday one day feel special could whatever wanted,joy,2
feel depressed,sadness,4
got saturday morning feeling like crud determined let get best,joy,2
feel determined steal private industries away citizens nation given time fighting real enemies theu,joy,2
would say yet would feel superior fact self righteous even would admit back remember looking point see point come could face protect ego,joy,2
feel tender anyone upset bee movie sort like feel old aunts dont realize prickly whiskers getting slightly repulsed sad decline,love,3
sat embrace realised two hours spent shaking thang eighties bar celebrating fact one year closer death left ageing body feeling punished normally pink feet blackened,sadness,4
feel humiliated self,sadness,4
feel worthwhile item within company mission,joy,2
feel earth move tribute carole king karaoke mix details rel nofollow target blank see details compare prices img src http www,sadness,4
im one feelings emotions thats pathetic,sadness,4
say certain actually makes feel amused sure people offices told href http news,joy,2
feel defeated okay hahaha mid term holiday good,sadness,4
decided lay bed started feel really violent like wanted punch kick things except didnt wnat hurt anything,anger,0
want say feel numb numb wouldnt pain probably wouldnt able cry much,sadness,4
go sometime future id probably stick african tram comes entry fee maybe id spring asian tram feeling particularly brave might even try hot air balloon thought reasonable priced,joy,2
always feel shocked threatening,surprise,5
supposed alright even feeling comfortable home able cook meals without year old helping ok mounting pile water utility bills,joy,2
proud british glad young certainly feel blessed opportunity,joy,2
whenever put others shoes try make person happy,anger,0
feel absolutely devastated gaia pushed limit spite great strides seem making media attention lately,sadness,4
feel around someone idiotic feel hence unintelligible blabbering,sadness,4
feeling content oh happy life,joy,2
found feeling bit overwhelmed,surprise,5
know feel guess one moments want feel like accepted even though whatever get mattered,love,3
sure gnawing feeling getting agitated sitting around nothing,anger,0
dont remember january like last year thats need real diary one feeling bitter dark boring,anger,0
normally find intimidating shes crazy tiny little foreign food places people like feel less socially intimidated im,fear,1
feel quite researched intelligent confidence consuming meat,joy,2
ate something wrong feel terrible day,sadness,4
feel like place even messy,sadness,4
feel unprotected even travelling alone,fear,1
believe feeling duality suffering soul growth tells ending decline change direction often one associated emotions offers one possible response decline change moving,sadness,4
feel really uptight unable unwind,fear,1
im learning mandarin chinese preparation trip tianjin september already four lessons feel like handle basics im thrilled insight language always total mystery,joy,2
think feels little weird,fear,1
feel truth accepted judged well,love,3
feel like indecisive idiot,fear,1
decide feel tell blamed never told would like,sadness,4
feel vets animals whose lives save always going hostile,anger,0
still feel anything else humiliated whenever think everything happened,sadness,4
feel like finally want write one vain hobbies makeup,sadness,4
regularly feel embarrassed,sadness,4
realized want shoot weddings clients connect feel comfortable must allow get know,joy,2
checked babys heartbeat continued feel moving besides feeling terrible peace,sadness,4
found giggling clapping hands often five year old ice cream wagon never point didnt feel genuinely entertained,joy,2
feel virtuous looking pictures books,joy,2
guess help got sick black friday forced maintain promise stay back city feels amazing,surprise,5
feel rather like celebrity widget stood let admired drank orange squash cup,joy,2
really feel like space anymore really vain idea,sadness,4
reasonably deduce grandfather also love mother negate lifetime damage feeling unloved unwanted created,sadness,4
im saying read book characters hard empathise lot time found feeling distraught something happened rather uninterested blank,fear,1
im spending less especially stuff wont last long bringing tons stuff house feel positive holiday gift giving,joy,2
feel embarrassed lost weight im afraid another week disappointing news scale cause people give stop following blog,sadness,4
feel little guilty contemplate going back get money prisoners begin enter room,sadness,4
careened feeling confident abilities writer equally sure never ever write anything worth reading,joy,2
feel honoured asked,joy,2
feel pathetic hardly go whole day talking,sadness,4
faith supreme power accept everything incidence occuring life sometimes like today really makes feel dull start crying,sadness,4
want feel humiliated made feel school,sadness,4
desperate kareena akshay kumar play double role flash forward minissha says still feel today amisha patel glamorous avtaar,joy,2
feel like doomed,sadness,4
always well succeded,joy,2
felt bad bad grade feeling like hide didnt know say except declare frustration hated school,sadness,4
feel assaulted shit storm confusion anger hurt feelings tsunami us away,fear,1
feel fucking low,sadness,4
feel betrayed angry sad time dammit,anger,0
feel reassured county government county takes murder illegal immigrant back alley seriously enough prosecute someone years later,joy,2
know feel submissive learning use firearm,sadness,4
feel drained end novel try hardest get something change impact life,sadness,4
truly surprised feel quite honored,joy,2
hate feeling alone,sadness,4
feel like people accepted wed get along lot better,love,3
feel creative juices beginning flow,joy,2
feel suffocated paranoid,fear,1
would call success feeling pretty depressed state clothes,sadness,4
feel soo lonely,sadness,4
see wednesday im feeling fantastic days tell im getting smaller smaller,joy,2
feel though another adventure curious anything else,surprise,5
also feel sidebar messy,sadness,4
feel respected secure journey toward loving loved return,joy,2
im feeling relieved yet painful something inside creepily numb feel like ghost hallways way used dont tell another time succumb,joy,2
feel amazed thankful e lives,surprise,5
must confess im still feeling uncertain god going work everything,fear,1
really bad feeling cold months,anger,0
ive feeling sort depressed,sadness,4
feeling indecisive ever suppose,fear,1
felt abandoned seemed like millionth time life spent last several days feeling sorry picking order help friends,sadness,4
enjoy day feel cute,joy,2
bonded point time still feel fond memory,love,3
remember come feel beaten depressed faith truly healed,sadness,4
sometimes feel carried heart loving child fiercely,love,3
feel said quickly glad,joy,2
understand reacting think observing us closely become happier actual feel supporting us,love,3
imagined form fitting clothing beautiful looking mirror feeling proud lighter energetic,joy,2
starting feel like maybe want relationship im stubborn admit,anger,0
feel appreciative money coming,joy,2
feel loyal especially ive experienced recently trust,love,3
feel pain heart every priestess temple drops every single ven devoted talia loses devotions takes rank injury equal devotion,love,3
feel smug got exploited gets bruno marzzz,joy,2
ive soo excited feel amazing,joy,2
feel kinda lousy,sadness,4
know thing many passersby feel special truly welcome country,joy,2
didnt start feeling excitement movie almost started coming violent waves,anger,0
feel blessed friends come,joy,2
feeling strange also present movement trying one way,fear,1
feel like acceptable,joy,2
feel like im boring sometimes im okay,sadness,4
felt need write sometimes anxious feelings impatient thoughts lists things still could done baby arrives,anger,0
feel like life vain,sadness,4
dropped script left feeling dissatisfied,anger,0
im starting feel really pathetic giving bulk enthusiasm days kardashians us weekly roseanne marathons completely ignoring blog,sadness,4
feel love se inscrie intr un rafinament lejer romantic si extrem de feminin,love,3
really wish time explore twitter feel like lost lot time learning use site,sadness,4
love yoga love learning love made think sharing yoga students feel hopeful excited,joy,2
went training feeling disheartened,sadness,4
feel glad,joy,2
priceless feel honoured every mum dad trusts new arrival,joy,2
felt really bad claudia always amazing time la could feel disappointed trip turning fun amazing could,sadness,4
remember feeling nervous,fear,1
feel need pimp since raini beloved rocky casting director loves much,joy,2
feel like life taken video game im doomed repeat set circumstances collect special powers knowledge treasures finally advance next level,sadness,4
feel like one punished,sadness,4
kept feeling wonderful ran couldnt believe,joy,2
feel less stress pretty much unpleasant obligation life know allow mix things enjoy running baking climbing coffee girlfriends cuddling dog reading book,sadness,4
lying bed last night day making experiments usual suspects fabric plastic feeling agitated issues proper presentation made headway course mere six hours,anger,0
working right guys feel horny much passion,love,3
feel like im greedy asking something expensive,anger,0
see feel friendly,joy,2
tell sick injured feeling generally awful climbed team car abandoned race right spectators snapping away phones,sadness,4
forced keep going back even though made feel consistently uncomfortable gave saw point,fear,1
wonder im vain love dressing attempting fashionable realized nothing wrong dressing feel pretty cute smart whatever,joy,2
feel special want mashed potatoes pronto get mashed potatoes pronto,joy,2
cant remember exactly made stop using feeling got distracted hair products sort forgot one,anger,0
feel kind acceptance song gave photo kind ecstatic ascension higher level conscience aesthetic like rapture sort,joy,2
always feel alone,sadness,4
feeling hell kid shooting daggers eyes annoyed hes standing holding flowers,anger,0
dont know feel thrilled finally getting go camping people like know first time thats happened,joy,2
feel talk like disadvantaged child waiting half face come back,sadness,4
help feel really nostalgic disney levels,love,3
feel entirely dangerous,anger,0
remember feeling thrilled use nursing skills relieved could days house remember first hard problem,joy,2
found amazed mid f would feel tad cool perhaps sweatshirt wouldve good idea,joy,2
feel like may mislead gracious readers blog,joy,2
still feel confused guilty whole thing,fear,1
feel intimidated tasks feel overwhelmed huge complicated tasks,fear,1
feeling emotional crying apparent reason time feels like world ending,sadness,4
feel lonely sad talk day get moment desk,sadness,4
still sit back feel amazed whole thing,surprise,5
feel rejected cant find ive left behind,sadness,4
feel like cant dirty dishes piled laundry strewn toys scattered everywhere,sadness,4
feel lately ever life precious,joy,2
feel completely burdened intelligence,sadness,4
cant think emotional state worse feeling generally worthless unlovable,sadness,4
dont photos excited happy prejudging great btw least feel tt since felt confident didnt stutter front panel judges dearest bf around doors opened public,joy,2
im feeling jolly href http www,joy,2
feel fake think really want good conversation make good contact appear especially self confident even risk talking people good talk meet one person good connection,sadness,4
went around rest day feeling distressed changed appearance based someones comments made even coincidence appealing felt wrong wrong wrong,fear,1
really enjoy cabernet aggressive flavors tend isnt exactly light wine still general congenial feel find pleasant,joy,2
woke early morning feeling joyful,joy,2
wonder feels loved someone love,love,3
feel havent blogged ages least truly blogged update cute little post today,joy,2
feel cared accepted,love,3
feel passionate knitting seeing really good films surprisingly awesome tv programs cant believe wrote,love,3
im feeling depressed,sadness,4
feel feel drained feel talking others finish strength,sadness,4
feeling ok lots bruising arms decided remove blood,joy,2
feel others worthwhile,joy,2
im feeling listless bored something,sadness,4
joy allowing kids feel like valued treasures blast kid alongside say incredibly humbling experience influence childs life know say internalized,joy,2
sometimes feel irritated thought spending money annuals spruce doorstep,anger,0
wish could bottle squeals delight take whenever im feeling grumpy,anger,0
feeling overwhelmed needing take time,surprise,5
im feeling dangerous ill write figure hell itll take,anger,0
honestly thought impossible point feel pretty,joy,2
found korean men turning foreign women freedom feel easily accounted dating koreans casual thing often tends serious matter,joy,2
think also pity party feeling bit frustrated little time seem day,anger,0
forgive accepting allowing feeling going get punished something wrong,sadness,4
feel like part problem call missy jane trusting angel cover airbrushing real skin cover model,joy,2
might feel offended times hearing statements strongly disagree,anger,0
easily feel quite pressured routines really noticed difference away,fear,1
feeling need christmas crafting week especially seeing couple lovely quilty christmas projects stitch group,love,3
cycle ever feeling finishing manchester blackpool miles bothered ride extra mile put,anger,0
im sure feel anything im keen see test see im yet ready view friend,joy,2
also feel lethargic,sadness,4
im feeling somewhat nostalgic game fact star wars,love,3
feel like punished carry burden even though four years,sadness,4
feeling like said humour gets im one people even spoke issues one would bothered would care thought head wasnt true way like dont want burden sort thing,anger,0
feel part life treasured london flatmates especially neat point something say,love,3
feel innocent,joy,2
feel hopeful new treatment extend life,joy,2
feel like idiot trusting though,joy,2
providing link courtesy author stuff either time never experienced even lived available feel emotional,sadness,4
feeling kinda lost best friend,sadness,4
ive rough days since midst crying dealing feeling defeated emotional put coat curled created safety nest inside coat,sadness,4
feel terribly remourseful didnt stay faithful plans get sooner,love,3
went wedding weekend say feeling important,joy,2
stop reading sids blogs part blogging community feel supporting get better handling grief hence going stop,love,3
feel less shy exploring roles physical ways,fear,1
replied feeling strange giving orders,surprise,5
chant invocation feel force supporting teach,joy,2
feel like moves sleep glad enjoyed week good sleep mentioned feeling,joy,2
really hurt feel unimportant sucks,sadness,4
grew around feeling living minutes away gorgeous atlantic ocean brazil probably surprise grew fond ocean,joy,2
feel honoured today olu jacobs feel honoured today olu jacobs href http momo,joy,2
made chilli oil monday feeling dangerous,anger,0
started walking yesterday feels amazing,joy,2
ive also feeling somewhat emo irritable lately,anger,0
felt joyful subsided feel joyful,joy,2
feel like shy away triggering stereotype person scream break things didnt get eat favorite kind sandwich,fear,1
feel completely distracted emotionally drained,anger,0
exhausted feeling little morose im livid top everything else,sadness,4
feel safe tucked away,joy,2
im feeling tortured write today,fear,1
promise youll feel inspired afterwards,joy,2
feel however something far precious feelings,joy,2
feel working together supporting whole represent larger younger voice politics say,love,3
im alone apartment get overwhelming feeling like im watched im unwelcome,sadness,4
feel blessed people life remind time right thing look better like,love,3
come associate bad feelings bad behaviour continued,sadness,4
feel lot affection longing conveyed,love,3
looking vest tops shorts long ones due feel paranoid cellulite everywhere,fear,1
feel like bit divine intervention,joy,2
know thankful warm loving peaceful presence feel anger feelings discontent frustration flare,sadness,4
im trying understanding open minded fair im feeling completely pissed max things,anger,0
know helps writing made feel somewhat regretful ashamed share think right,sadness,4
feel happy solution,joy,2
enjoy book however especially liked characters brothers one fired detectin spirit feeling skeptical willing back brother fight,fear,1
im sure feels way everyone tortured souls dont make best boyfriends,anger,0
conducted survey quite likely many feel assaulted onel demons creators would felt walls covered eminent figures patriotic heroes epic deeds,sadness,4
think level understanding though still feel hes hesitant,fear,1
feel virtuous go fieldtrip,joy,2
im gon na lie kinda sad feeling pretty lonely,sadness,4
im feeling ecstatic right classy ever redesign project begins week,joy,2
feel could avoided blazes markers cairns annoyed point,anger,0
never told boyfriend parents remember feeling embarrassed maybe even little ashamed,sadness,4
feel aggravated annoyed visits,anger,0
im feeling completely idiotic ablo contribute,sadness,4
aint happy im feeling glad got sunshine bag im useless long future coming,joy,2
feel strong dont let anger win,joy,2
always feel helpless times disaster feel little better knowing even dollars make difference someone need,sadness,4
honestly feel extremely shy ask friends take pictures vain must think,fear,1
ill find elusive second wind feel hopeful today href http www,joy,2
feel intimidated nervous overwhelmed shake like leaf,fear,1
make feel useful fucking guy,joy,2
feel inspired create ive thinking lot inspiration week,joy,2
think interactions person probably fine sufficiently respectful polite ladies feel abused,sadness,4
im feeling extremely fabulous jacket shoes aint bitches gon na bring hahah,joy,2
ive chosen walk jesus maybe im feeling bit miserable im going suck think three dudes,sadness,4
good day right im feeling pretty irritable real reason meaning nothing significant happened make feel annoyed,anger,0
feeling contented pissed time,joy,2
wonder homeowners would feel weird parked gape landscaping,surprise,5
feel impatience rate loss impressed time,surprise,5
im big guy ive gotten rigs weve worked try see feel like let tell less pleasant,joy,2
ran errands buy cora newborn sized sleepers previously made newborn sized babies went lunch celebrate great feeling feel amazing pain pain meds moving around almost completely normally days,surprise,5
really feeling child friendly,joy,2
feel furious,anger,0
think feel like person still amazed,surprise,5
like think present life times working mum good standard ever miss apostrophe miss spell particular word please feel free call,joy,2
feel ask feels like dumb question,sadness,4
feel proud know several people deserved advanced finally picked time around last time peoples cases,joy,2
give goals feel boring,sadness,4
careful make sure characters featured feel sympathetic,love,3
didnt make weight watchers meeting feeling guilty made sure healthy breakfast consisting museli yoghurt fruit,sadness,4
feeling tender spot foot flex certain way back wearing shoes day cowboy,love,3
know feels weird right,fear,1
thought yoga supposed make feel tranquil peaceful sculpt legs greek goddess,joy,2
feel one things dont talk much many people come know plan doesnt taste sweet feel like plan,love,3
left theater ran hand sadly plush red backs seats front feeling almost mournful wasnt going back long time,sadness,4
asked girls meant valued part response felt valued people around made feel valued treated loving caring manner,joy,2
feeling petty right,anger,0
person helping realized inspired people start charity work help feel proud,joy,2
feel amazingly overwhelming thrilled wedding,joy,2
feel shame strange way,surprise,5
suspect much country feels tragic events last week,sadness,4
feel like part accepted part life people never changed,love,3
find relaxes feel productive making food end product taste nice satisfy people,joy,2
feel sometimes distracted neglectful thankful adding another box check otherwise busy days,anger,0
feel individuals opening line shows inadequate simple words,sadness,4
ive deep swamps swimming muddy waters tortured fear feeling lonely lost,sadness,4
feel talented anything eventually putting fully,joy,2
read blog feel shes one person doesnt care people look believes matter bitchy annoying self centered may seem people,anger,0
sat feeling mightily distracted wanting write next scene nano yet rape torture bad stuff,anger,0
came across something made feel lousy,sadness,4
love rides wasnt feeling hot day,love,3
feel bothered things open door,anger,0
found feeling nostalgic thought temporarily abandoned little bishop chronicles,love,3
forgive accepted allowed think writing blog someone feel sorry give sympathy tell right,sadness,4
feel irritable number people came office whining circumstances realize im practicing thinking good things find better way pull present,anger,0
well aware strength feeling house holds tragic needless deaths many men women children,sadness,4
feel supporting extreme would way put number value,joy,2
feel duties unimportant profession qualified discuss,sadness,4
feel proud happy also grateful read,joy,2
feel shaky battering emotions im still standing,fear,1
feel like stubborn stingy,anger,0
feel like traipse lives tromping heel loving hearts stilettos,love,3
reread comfort familiarity book whose plot already know easier deal im feeling stressed new book unknowns,sadness,4
love sometimes feel exhausted,sadness,4
im sorry feel uncertain,fear,1
im feeling crappy ill fish compliments like girl,sadness,4
asleep would feel pain violent act would completely unjustified,anger,0
feel burdened stuck center dark tunnel,sadness,4
know feelings real petty neither mine,anger,0
would look sky scrapers feel amazed little girl montana,surprise,5
want feel irritated,anger,0
feel like look like miserable heap,sadness,4
really feel like useless world,sadness,4
im definitely feeling fearful anything right,fear,1
im day two plan im feeling positive,joy,2
im feeling really terrible journaling also come screeching halt well,sadness,4
feel today positive gift delivered us teachers stressful week,joy,2
feeling shaky morning taking well,fear,1
feel like rushed relationship,anger,0
maintain feelings repressed expressed,sadness,4
found overwhelmed jealousy self contempt found feeling towards lives sweet friends acquaintances portrayed social media,love,3
feel last time ure one feel paranoid,fear,1
know feels tortured,anger,0
tell feeling quite invigorated,joy,2
vented feelings towards pathetic excuse communicat,sadness,4
fancied terrains feel keen go,joy,2
feel prescence gentle touch,love,3
still feeling bit dull loss sleep trying sleep morning possible,sadness,4
would feel know maybe little resentful,anger,0
first started using like felt like made hair feel dirty even though washed hair,sadness,4
look situation feel jealous almost cant bear,anger,0
feeling triumphant today,joy,2
feel like writer wants think proclaiming longer liked pulsars petty hilarious bit character,love,3
im feeling sentimental need reassurance,sadness,4
ive ever read explains feel way time reassures im defective somehow,sadness,4
come contact regular basis sooner figure kind situations sooner feel valued appreciated loved desire learn pass kindness others learning,joy,2
tried adding type cheese talking small quantities right back feeling shitty,sadness,4
seem share equal passion long distance touring harley davidsons feel sure wed bore tears every person within earshot,joy,2
know mostly forcing distracted feeling determined think though still hurting learning cope kame takes breath,joy,2
help daughter feeling angry,anger,0
feel terrible hurt peoples feelings worse afterwards always hope never,sadness,4
feel little glamorous wet brush,joy,2
feel dont afraid pray need go back time forgive sins sloth,fear,1
grew feeling ugly inadequate,sadness,4
feel sense accomplishment embarrassed clothes prepared either donate charity throw,sadness,4
think point yet foresee lot traffic bed crib old enough longer feel acceptable answer dark,joy,2
know feel awful ask husband watch audrey long enough take shower,sadness,4
hate feel bothered word team word badminton,anger,0
could empathize tab raging hormones connection feeling like someone else gets thinks youre smart pretty worth attention,joy,2
feel totally invigorated completely forget like cold,joy,2
wont give much case feel greedy,anger,0
tell love feelings sincere dear,joy,2
feel pain vein oh vain insane,sadness,4
feel worry much much petty things like,anger,0
wanted thank giving jordan chance together without distraction making us feel welcomed loved,joy,2
feel affirmed gracious sensuous less self doubt href http generations,love,3
spent waking hours enjoying freedom owning cellphone feeling smug situations phone would awfully convenient fielding incredulous questions,joy,2
like feeling like eager schoolboy waiting around hours touch shining alumninium,joy,2
feel greedy needy helpless,anger,0
heard last regulation socialist govrenment concerning pensions,sadness,4
feel awful said,sadness,4
finally cast studio show feels fab,joy,2
feel extremely gloomy confused,sadness,4
feel passionate,joy,2
feel worthless pointless feel like everyones third wheel even second,sadness,4
felt emotion name announced radio selected come lilongwe school health sciences take training course medical assistat,joy,2
feeling superior women left alcoholic husbands stronger godly wasnt ever going,joy,2
really feel women work obnoxious cretins,anger,0
didnt drink much last time people get ultrasounds weeks still enough feeling distinctly eager toilet end,joy,2
feel perfectly acceptable consume homemade chex party mix breakfast holidays given fact mostly cereal,joy,2
feel like think sincere really told us exclusively,joy,2
would always song stuck head bombing incident would feel bit weird dont really pay attention lyrics sounds like happy song type youre supposed hum difficult days,fear,1
feel comments opinion sincere people get wrong message,joy,2
im sorry im feeling little bitchy tacky looking women came sat next,anger,0
feel like charmed gave means spend years sons young home,joy,2
im really happy feel exhausted,sadness,4
feel kind dull grief,sadness,4
feel particularly uncomfortable much driver looking phone shout eyes prize,fear,1
ive left orange scented mixture white feel free color wish,joy,2
always appreciate please feel free become follower come back visit soon,joy,2
left feeling satisfied donna knew capable hands,joy,2
started feeling uncomfortable around straight male friends particularly one drunkenly came grabbing waist attempted murmur sweet nothings ear party week,fear,1
feel uncomfortable,fear,1
could done feeling pleasant tiredness good sweat going stopped,joy,2
feel least bit unwelcome party views uncommon,sadness,4
feel like im super rich kinda like could drink goldschlager haha,joy,2
feel rude say better men,anger,0
feel accepted condition,love,3
still feel lucky though,joy,2
managed learn feeling insecure,fear,1
mean idea intoxicating course feels amazing happening happens morning wake go work amp shit something completely impractical,surprise,5
many social networks right sometimes feel like pretty talked,joy,2
feel like sort rockstar razzle dazzle lifestyle would least like spend third life something feel worthwhile,joy,2
feel agitated lot im straddling articulacy incoherence,anger,0
start feel little overwhelmed knowing make still,surprise,5
know sometimes feel world troubled deeply pathologically troubled,sadness,4
feel like bring characters life completely always kind surprised actors together,surprise,5
felt confused sometimes makes feel useless,sadness,4
left feeling heartbroken losing child guilty parenting wife ing far par last months,sadness,4
noticed feeling stressed anxious couldnt quite put finger,anger,0
never feel ashame humiliated life,sadness,4
exist existence even mean anything anyone apart family always wonder existence fuck feel dumb ive never thought purpose,sadness,4
start working full time next week currently feeling bit ungrateful moment,sadness,4
learned much like neighbourhood place feels humans dogs sympathetic understand quixotic need walk dog walk period,love,3
remain hopeful feeling actually excitement long missed friend,sadness,4
want healthy happy badly fact healing without leg making feel useless empty,sadness,4
got phone feeling numb,sadness,4
also feeling ole restless leg syndrome shifted back forth legs trying something excess energy hit,fear,1
feel much lighter clearer energetic,joy,2
feel heartless even though heart hurts,anger,0
feel like efforts vain continuing pursue embarrass road,sadness,4
started feeling little funny anxiety time didnt know started tell brother man dont feel good said whats wrong said dont know u better drive pulled let drive,surprise,5
feel much boring straight hair years haha,sadness,4
feel rotten amount suggesting losing sense smell terribly disorientating experience wine person seems convince people might actually live feel good,sadness,4
got home told peter feeling wasnt shocked telling,surprise,5
ive come feel supporting character one time favorite films giant,joy,2
could almost feel gentle touch moonbeam sent shine added touching face dreamily,love,3
either feel submissive agree taking pain someone option presented,sadness,4
really struggling run discomfort feeling determined continue crowds bridge massive didnt want one first people saw walking stopping,joy,2
feel like beats popular high end foundation market either ulta sephora,joy,2
expressing unexpected kind gesture made feel bad short moment intent larger moment remains reminded blessings like good friends back,sadness,4
hated work everyday days next two weeks dont like jobs feel unsuccessful talk people,sadness,4
keep fighting life truly run fight close enough twice know bit feels like yet matter despairing feels,sadness,4
feel troubled,sadness,4
like reviews got target days ago feel acceptable review makeup lovers,joy,2
feel like devoted reduce impact environment wrote blog babsbrisbane,love,3
feel quite pleased little bits news celebrate tonight meet brewer event hawkshead members one newest pubs,joy,2
woke feel thankful god giving another day go,joy,2
feel like important publicly bless virus,joy,2
feel thrilled end month round completed begin recover,joy,2
wish times needed hold rock sleep moments feel successful father times im able meet needs,joy,2
im really taking information lately could explain ive feeling sort discontent lately,sadness,4
exactly feel whenever feel lonely depressed pray help guidance href http,sadness,4
must say consider family broken feel discontent father around,sadness,4
im feeling little dirty,sadness,4
feel relieved happy realize said,joy,2
mean true style see reflection like mirror ugliness society make us feel ugly inadequate based looks suddenly becomes completely annulled,sadness,4
feel assured,joy,2
feel handling well enjoying said,joy,2
im feeling jolly year though,joy,2
feel special excitement happiness,joy,2
reckon need stop feeling bitter realistic,anger,0
got great pump halfway workout started feel fantastic,joy,2
stay distanced others feel strange sometimes feel like new friendship growing forming,surprise,5
leave something sometimes throw change tip jar times dont leave anything feel rude haha,anger,0
im far ahead released tankouban sold wont anymore wait wont thrilling damn even feel slightly remorseful,sadness,4
get paid much get many deliveries work im feeling bit shamed curb spending bit,sadness,4
feel bad knocking show far didnt see smackdown week cant assume carried show like every week daniel bryan doesnt appear,sadness,4
feel happy outcome long election im glad,joy,2
feel like im going period time much enthralled life options proposed,surprise,5
could maybe get away simpler folk melodies songs something fairly predictable guitar would end feeling dull,sadness,4
dont like christmas feel like lost meaning,sadness,4
feel less alone,sadness,4
feel one talented teams nfl reason people feel like nothing really fear,joy,2
feel hearts decision stop caring reversed,love,3
feeling itll little messy going home though,sadness,4
feel welcomed barn like son coming home,joy,2
wish right language convey simultaneous feelings excitement peaceful enjoyment country cycling also element,joy,2
feel excuse lame invitations,sadness,4
feel horrible expensive happens,sadness,4
also got nice condiment type pressies whilst local garden centre today feeling achieved something towards festive season,joy,2
waking middle night aches pains generally feeling grumpy,anger,0
feel betrayed coz backstabber grounds accusation amazed people ability things,surprise,5
first started reading city dark magic thought would challenge actually enjoy since felt like content famous classical music head luckily plowing first chapter became confident started feeling less dumb,sadness,4
im constantly horny always feeling playful,joy,2
feel shy swedish,fear,1
ill let shed tears feel bitter confused frustrated hurt last time,anger,0
encourage next time youre feeling little uncomfortable best embrace,fear,1
feel useless href http juliemadblogger,sadness,4
feel like crows roosters teamed horses go bulls sharks monsters trying take cool ranch,joy,2
scared let feel deeply many people frightened let div style clearboth padding bottom,fear,1
still feel chub wear cute summer clothes dreamed,joy,2
feel rotten feet still swell eat feel bad eat feel bad,sadness,4
feel acceptable everyday food,joy,2
lucky enough feel squeeze win another festive challenge involved box full items identify blindly fondling hole,joy,2
im feeling uncertain future,fear,1
feel like pretty smart interesting enough boyfriend would feel stimulated happy someone else,joy,2
feel likeable characters important enough plot,joy,2
like world making list always makes feel joyful,joy,2
feel saddened king quite respected far monarchs go ineffectual best,joy,2
feel energetic,joy,2
feel honored much shared expressed trusts,joy,2
feel strange sort liberation,surprise,5
feel end marriage deserves truthful explanation,joy,2
feel weird scattered wonders million different things,surprise,5
feel though people find quite pleasant,joy,2
believe minds focused daily rat race bodies simply forget feel vital free classic case lose dont use,joy,2
still wake feeling suspicious,fear,1
feel little hesitant leave time,fear,1
typed blood pressures month feeling hes going pleased lack missing information,joy,2
feel disgusted see blood feel like faiting also people eat raw meat front,anger,0
im always feeling agitated overly excited impatient close,anger,0
feeling delighted daunted,joy,2
feel ashamed type,sadness,4
notice ruining happy moment feelingof discontent resistance receiving love genuine way delivered,sadness,4
admire feel like even though shes gorgeous talented hasnt succumbed hollywood pressures like lot listers,joy,2
schedule childhood friends feel little timid getting,fear,1
feel empty inside surprising considering havent eaten day,sadness,4
party met girl drew,anger,0
always make things harder im going lie sometimes way complicating simple however new baby pretty big undertaking comment many many others feel like sees disturbed little,sadness,4
feeling sociable,joy,2
feel discouraged supervisor said,sadness,4
sitting class feeling somehow disturbed,sadness,4
continue write feel distraught,fear,1
start feel lethargic blogging,sadness,4
feels like tortured,fear,1
wasting life away going one person another find love feeling shitty anti social polytechnic life met guy,sadness,4
get oz occassional viewings home away even bit neighbours im feeling really tragic,sadness,4
thought would grumpily curse world remain angry oh even really know sometimes feels like angry absolutely everything,anger,0
im condoning terrorist action feel furious powerless,anger,0
finished watching korean drama secret garden omg feeling way girls shows mixture hope little tug truth says romantic gestures exist films,love,3
feeling stronger recharged excited get back runs,joy,2
think husband feels greatly respected wife draw make much less likely would want flirt women,joy,2
im feeling disturbed tons things,sadness,4
feel apprehensive nervous times performing modules,fear,1
feel bit dazed excited going protective going let,surprise,5
im gestating one feeling pretty thrilled,joy,2
know take weeks book go free amazon barnes amp noble age cents buy full length ebook feel little funny charging even cents work almost certain pages possibly,surprise,5
feel terrific every one,joy,2
aspire capture manner feel tension resolved austere introspective training still place alongside study method euskc,joy,2
ton fun thrift store feel like got really useful pieces get current trends cheap,joy,2
find feeling anxious unsure,fear,1
honestly wish christmas celebrated summer feel like tend jolly wish could,joy,2
ive blogged feel strange,surprise,5
guess comes believing younger anger feeling acceptable tried,joy,2
pleased report many ways feeling well,joy,2
feeling like people think means im ok dont need talk jeremy anymore,joy,2
im also still feeling whiney hell possible could rant bit today,sadness,4
still feel left feel like hated kid asian crew,anger,0
feel like greedy pig catching lt bc afterward yay im gna get delicious chocolates exchange zjs gna get bai tu tang,anger,0
know feels like scared something,fear,1
started feel overwhelmed,fear,1
feel slytherin house slytherin smart enough know get job done cost,joy,2
didnt react way really feel im ecstatic marriage tonks,joy,2
im feeling pressured perform athletic moves order stay field,fear,1
feel unfortunate dont lot time spend family,sadness,4
imagine young people might feel resentful attention sibling getting also feeling guilt time,anger,0
really know oldest one well mothering mother seems feel sweet,joy,2
feel though giving many details unimportant things like chriss mundane life left details like character depth especially secondary characters,sadness,4
know shes one provides income family right feels like shes putting face shes supporting us,joy,2
feel like superior human race rel bookmark permalink,joy,2
feel assured made peace atheism,joy,2
want feel loved,love,3
talk people make feel people talk ones make feel unhappy upset nervous angry,sadness,4
feel defeated,sadness,4
im feeling lively yesterday still sure food though,joy,2
also baked enough cookies take local bbw tomorrow night feel bad employees work,sadness,4
feel slightly unfortunate sense calendar year great year systems honest,sadness,4
met ex briefly catch leaving sarawak lololol good seeing feel awkward typing,sadness,4
considered jogging since cold today decided right ankle already feeling tender reason,love,3
im feeling embarrassed frightened wouldve smashed window slid dukes hazzard style would get garage man stop glaring,sadness,4
im feeling way often blindly carefree days youth uncharted waters maturity aka midlife crisis explore transformation via one favorite things tracy anderson method,joy,2
feel like leadership training perfect vision god wants missionary work,joy,2
studying always feeling process unpleasant absolutely necessary,sadness,4
im feeling really outgoing get really quiet person try make feel comfortable,joy,2
feel guilt caring im,love,3
feel gazing giving naughty smile encouraging study,love,3
feeling fairly keen,joy,2
feel threatened people believe,fear,1
feel like im better amp able things comes back,joy,2
feeling currently anything resolved feelings change,joy,2
feeling self hate going find feeling hateful someone else feel power compassion spirit remembering spiritual,anger,0
feel appreciative take care baby try keep apt clean much possible try call million times find hell home varies day day sort self employed hard plan things around schedule,joy,2
im feeling emo bitchy atm,anger,0
afraid water young people feel afraid death never experienced,fear,1
dare following feeling brave enough,joy,2
feel eager well feel like ive got titles concluded ominously,joy,2
im looking stress levels im feeling loving concentrated mindset planning wedding four months,love,3
im feeling quite positive want achieve,joy,2
family feel passionate completely comfortable,joy,2
feel others decide hellip delighted fans paintings able see body work proud,joy,2
ive never done detox cleanse really desire feel like cleanses cycle around become popular every couple years id pretty much written,joy,2
came utah freaking knowing life feeling less worthwhile going mission like every girl stressed daily stresses life lovingly given,joy,2
feeling indecisive spontaneous,fear,1
feel beaten feel void,sadness,4
feel like resolutions boring cliche,sadness,4
feel pressured well fe,fear,1
im feeling rotten pretending aint,sadness,4
im feeling excited,joy,2
ive feeling delicate week,love,3
feel rude ingorant,anger,0
begin see first step suddenly life feel despairing,sadness,4
feeling would one eliminated completely convinced cooking skillz da bomb yes whipping early lingo,joy,2
feel stupid enough,sadness,4
begin sense characters feeling heartbreaks theyre suffering suffered already,sadness,4
feel completely rude keeping course year mightily busy one,anger,0
walked school felt bounce step overjoyed feelings youth thrill excitement coming school meeting beloved friends,love,3
ready read read read today even though im feeling groggy morning,sadness,4
cant help feel like must protect innocent,joy,2
feel gracious presence even,joy,2
like feel sweet feel offended,love,3
even begin express words depth sorrow feel posted ludicrous rants passed days,surprise,5
monday took math bs test flunked second time,sadness,4
still feel little weird uncertain,fear,1
wan na feel gorgeous body yers underneath next time fuckin ya alex took deep breath eyes seemed glow imagined scenario mind scene pictured many times,joy,2
guess feel like im passionate something get taken away,love,3
im sure theres nothing get person feeling amorous faster stay hotel,love,3
feel makes perfect duo,joy,2
feel better,joy,2
im lucky enough life meet someone makes feel safe happy secure loved feel theres reason wait,joy,2
would feel productive,joy,2
im feeling jolly least,joy,2
miss feeling exhausted outside heat minutes,sadness,4
think possible make cover expressed personality novel since strange cross genre story photo found nails heart book closely feel bit stunned,surprise,5
sure would love stop feeling horny time,love,3
appreciate clean lifestyles even though admit moments complete aversion substances sex made feel little repressed,sadness,4
come summer time feeling like coach hated,anger,0
find feeling paranoid something going ruin could described fairy tale love affair,fear,1
explain need say please understand feeling heart im heartless person,anger,0
take photos suppose since feel least talented area portraiture admire ability others,joy,2
sad feel distracted participating relationship think,anger,0
keep feeling blessed,love,3
think also changed obviously making effort go things make friends feel less shy less bothered peoples judgement appearance,fear,1
tell arms hands feel weaker feel numb tingly night wake,sadness,4
almost feel stubborn come back said leaving,anger,0
feel like actually creative person,joy,2
feeling pretty excited,joy,2
feel optimistic everything long time,joy,2
im feeling doubtful necessity big coat,fear,1
feeling joyful every part feels happy light whimsical,joy,2
feel relaxed happy im water,joy,2
never draw sides pages like know add drawings feel like rather feeling pressured finished one go,fear,1
think ive feeling little bothered,anger,0
wasnt interested evoked feeling earth grittily doomed aliens quite well,sadness,4
agree even though feel discouraged like go places lots color make feel better,sadness,4
feel like world boy im glad time,joy,2
know feeling amp blessed,joy,2
im feeling fab thank much asking,joy,2
pull feel resentful edgy,anger,0
li pouring corner moonlight shines face saw pale face mouth half closed eyes bear people feel distressed,fear,1
feel little scared new lot learn im sure everything going fine together,fear,1
wondering focus problems way care complaining feeling needy,sadness,4
feel like im really needy,sadness,4
feel greedy lame making one,anger,0
see look doubt face feel scorn eyes anyone skeptical grits dinner grits please see totally amazing sister mashed potatoes,fear,1
get feeling could dangerous,anger,0
randomly heard ever since watching video delight music makes feel jolly reference,joy,2
feel satisfied ive made cut receive overflow money stsm told im going wait overflow instead trying hit help team,joy,2
rarely feel happily joyful dont walk smiling much,joy,2
hurt feelings sorry,sadness,4
felt stronger wish free self cherishing refuge practice return feeling freedom protection suffering stayed rest meditation,sadness,4
stand front mansoor works feel obviously artistic intention raise already raised questions structural linguistics deconstructionist clamours followed,joy,2
feel like boring paint bunch fruit,sadness,4
would almost anything feeling back days back carefree wonderful everything life complicated,joy,2
feel anger feel sad feel joy feel emotions stick,sadness,4
set aside feeling happily helped every thing normalized students liked change schedule forgotten oblivion,love,3
wonder feel nurtured needy,sadness,4
id ever known figured normal feel ugly dumb weird,sadness,4
stopped feeling little awkward,sadness,4
guess matter much think im feeling ok im nervous hell inside scan revealing something dont want know,joy,2
began feel little anxious may almost obviously time running amp honest im plumb excuses,fear,1
feel less frightened grounded centered,fear,1
would like take opportunity describe one day week feeling particularly gloomy,sadness,4
could feel much slower treadmill pace pleasant six days relative inactivity happy running,joy,2
feel weird guess kind happy,fear,1
im tired feeling unhappy things unmotivated,sadness,4
im feeling generous go golden nugget,joy,2
could feel productive treatment,joy,2
makes feel determined give effort dig deep im feeling pain,joy,2
might hold sense satisfaction feeling superior giving advice,joy,2
wanted skate fast wanted try everything see difference feel amazing,surprise,5
want feel rushed program,anger,0
would really love friend feels guilty sorry,sadness,4
think gt desire privacy camp feel would gt terrific,joy,2
cant feel dont turn back wont ignored time wont heal dont turn back wont ignored,sadness,4
younger used feel homesick,sadness,4
rarely respond comments made unless feel important specific reason,joy,2
feel tender done anything,love,3
never feel like anythings getting resolved counseling drift away,joy,2
swear mean browns fail tomorrow night make feel like idiot trusting gut feeling going lose tomorrow picking win season,joy,2
im feeling generous week,joy,2
left theater feeling sad alone sudden realization fleeting mortality weighing every step,sadness,4
definitely feeling effects progesterone two ways breasts tender tired,love,3
try stay focused order avoid feeling reluctant finish,fear,1
never know talk people shows always feel bit dazed hope didnt think rude,surprise,5
feel experience convinced need prayer country,joy,2
seek pain feel tortured feel something,fear,1
im feeling optimistic finish last two weeks strong probably continue,joy,2
already feel using us feels weird havent even done anything yet feel coming like ministry coming,fear,1
care much number viewers viewer ratings drama iris gained huge success began feel greedy,anger,0
realize much little family leans felt overwhelming feel inadequate,sadness,4
im feeling little bit pleased,joy,2
ive also run im feeling particularly virtuous,joy,2
longer even remotely ok body feel ugly person swore love,sadness,4
feel things often repressed fear anxiety distrust,sadness,4
feel tender,love,3
think one important things allow anything make feel fearful fear negative emotions pull vibration,fear,1
made way class feeling sense fond connection childhood discover without supplies stirred memories,love,3
really feel know devil hates always something could use im determined let,joy,2
feel things happen get excited things work well,joy,2
feeling ok biostatistics course physiology course touchy,joy,2
feel ignored systemic nature pattern sexual abuse mishandling reports sexual abuse service understandably wishing defend protect friend reputation,sadness,4
feel like doomed life sleep obsession,sadness,4
moments feeling silently offended egyptian youngsters identified egyptian even born us labeling white person even though many ways assimilated,anger,0
feel shocked stoup destinys child b,surprise,5
feel need explain thoughts ways clever funny maybe even insightful,joy,2
would suggest volunteering help people need salvation army help others learn appreciate still feel worthwhile,joy,2
managed however relax enjoy scenery feeling romantic thoroughly enjoying th anniversary cruise,love,3
sometimes feel like damaged product,sadness,4
woke feeling fine,joy,2
feel impatient brian prolonged assertion alien encounter nobody victim could truly relate repercussion molested,anger,0
cope presence without feeling distressed force quiet resigned friendship,fear,1
feeling well specific issue,joy,2
feel like ungrateful ass href http thisisntcuteanymore,sadness,4
love customers leave studio looking automatically refreshed radiant product line everyone feel gorgeous confident,joy,2
feel frightened fats,fear,1
got ta say feeling little slutty,love,3
feel like way combine creative outpourings one thing,joy,2
found looking clock starting feel irritated,anger,0
im feeling little proud,joy,2
back feeling determined,joy,2
wednesday postgraduate open day plenty write rest week feel sure,joy,2
feel little low japan always feel pangs guilt fail appreciate living situation decisions,sadness,4
feel dirty watching series tell series trying induce false emotions viewer,sadness,4
sat group feeling really depressed book go missing time,sadness,4
already feel kicking ribs making harder breath sometimes taking precious space stomach,joy,2
feeling irritated anxious often dont even like kids touching,anger,0
ive getting making feel suspicious like someone elses great work trying get credit,fear,1
decide picking easy route would get nowhere feel like people want tortured follow blue path,fear,1
feel appalled took advantage old friend kindness,anger,0
ive feeling bit messy im hoping fresh look help figure better way deal,sadness,4
really excited didnt really stand lot high school slightly average decently friendly feel like delivering speech cool legacy leave school,joy,2
wish could chinese bite finger feel pain miles away thing upon reflection perhaps wouldnt considerate,love,3
also tried frustration feeling none energetic problems work respirometry stuff going huge nightmare,joy,2
feel even determined keep per week tradition son started,joy,2
feel need compensate perfect jacket topper cover boobs fulfill duties,joy,2
could expected every way feeling bit overwhelmed point quickly life changed past weeks,fear,1
feel like might ok,joy,2
feel like unfortunate events fit thought quote posted,sadness,4
feeling hyper bouncy,joy,2
doubt makes sense one feel emotional metaphors come tumbling like rock slide see,sadness,4
didnt want feel pain hour later decided start shortly broke water,sadness,4
remember appalled feeling personally insulted could thought would listen something vulgar bee gees,anger,0
look photo feel gentle calm makeup still soft warmer feel harmonizes better warm colours flowers,love,3
know met person feel honored able come together grow closer god,joy,2
im feeling especially brave tough ill tell story scattering ashes,joy,2
still feel like im punished,sadness,4
feel nervous leaving kid,fear,1
feel contented job,joy,2
feel furious love really thought better,anger,0
ill get mopey occured past frequency decreasing logarythmic scale even im feeling self doubtful also occuring less,fear,1
feel useful valued fundamental,joy,2
actually meeting last week someone yelled older lady phone rang felt terrible boss treats unfairly case someone makes feel worth anything allowing offended steal joy,anger,0
go around questioning broads feeling suspicious,fear,1
feeling bitchy evening,anger,0
feel relaxed happy discovered love projects take months end actual product show,joy,2
like fresh feeling sweet gave,joy,2
feel wiggy everything maybe ill drop virtuous lib stance join georgie porgie,joy,2
ive posted ive feeling casual vibe comes dressing,joy,2
ended podcast feeling depressed exactly like still concrete answer strike balance self help authors love talk,sadness,4
im sure im feeling delicate,love,3
feel vile rising throat flipping lid toilet let,anger,0
feel rebellious spirit already,anger,0
feel honored part culinary community,joy,2
feel shame whatsoever longing iron man local cineworld,love,3
feel ungrateful wanting truth,sadness,4
feel sorta vain,sadness,4
feel like target blank class di title bookmark del,sadness,4
feel like fish might moderately intelligent fish ive noticed tendency go corner tank closest container fish food stare,joy,2
feeling clever changed last line cookies,joy,2
admit joy cooking also times feel defeated,sadness,4
finally starting feel like real life san vicente longer strange confusing extended vacation,fear,1
feel like even though things arent quite resolved major peace still,joy,2
feel ashamed,sadness,4
feel fucking woeful looking girls,sadness,4
feel really irritated talk problems people start talking,anger,0
feeling homesick annual easter breakfast service church morning left hike mt precipice sunrise,sadness,4
know makes feel generous,joy,2
im already feeling pretty festive year even though november,joy,2
feel helpless regain safe feeling,sadness,4
still feeling hesitant last night woke found made decision slatebook somewhat surprise wanted,fear,1
feel determined actions nobody nothing else,joy,2
thought would feel apprehensive surprisingly comfortable gone,fear,1
feel drained physically sore work,sadness,4
sure appreciate asking instead feeling mad hurt thought,anger,0
litsen music feel much pride think gave birth amazingly talented child one day early teens picked guitar played like second nature,joy,2
want others feel unhappy accommodate,sadness,4
prolific writer fandom feel highly respected fellow writers write much often people,joy,2
feel lonely make feel special feel useless always kind sweet,sadness,4
feeling dissatisfied several times,anger,0
feel gentle tap find flower child watching expression grave,love,3
im feeling restless frustrated right way specific people recovering illness injury,fear,1
feel honoured great man claims friend,joy,2
burn feel pain twist knife bleed aching heart tear apart lie beg steal crawl hands knees see youre like,sadness,4
feel uncomfortable telling others girls wish lists,fear,1
cant simple math question guess broke front tuition teacher known almost years feeling pressured feel bad bout,fear,1
feel doubtful abilities,fear,1
ive feeling listless lately,sadness,4
said beginning combination oily skin still use around week skin feels absolutely gorgeous morning applying,joy,2
honest say first two chapters sort overwhelmed wasnt sure going able follow everything feeling kind dumb,sadness,4
lay typing hate blog entry one would read although want whole world read praise like dickens feel miserable,sadness,4
look long without feeling depressed,sadness,4
feeling generous sent sofa glares next six hours,joy,2
really believe walked water stops first marathon actually think walking bad dammit feeling stubborn wanted get home needed motivated something,anger,0
firmly believe way go craft write book feel passionate worry finding book mass audience desires,joy,2
always get feeling got one kids another vicious,anger,0
feel ashamed,sadness,4
want hurt anybody feelings certainly want betray amount trust want entertain want faithful thoughts topics hand,love,3
feel though merely accepted done matter time gone always,joy,2
year old girl wanted feel important,joy,2
see friends posting pics status updates going feel bit jealous knowing something get enjoy,anger,0
strong feelings faithful,love,3
suppose feel little inhibited comes picking phone calling someone close anymore,sadness,4
used word feel energy anticipation people prepare delicious meals gather needed tools invite loved ones homes,joy,2
might simply couldnt keep mouth shut makes feel terrible,sadness,4
feel going dull pain fews hours day chest,sadness,4
see people physically resemble feel confident strike conversations strangers,joy,2
im feeling bit grouchy today,anger,0
feel damn curious blond doctor plan night,surprise,5
sit feel awful miles starts feeling whoever pants back cigarette box,sadness,4
dont know freshness feel energetic seasons,joy,2
im feeling cranky href http doingaone eighty,anger,0
feel sad im okay im happy done even though hurts little,sadness,4
feel terrific actor,joy,2
feel like everythings going happen ive disillusioned whole time,sadness,4
feel restless pursuits,fear,1
felt slight bitterness finish detracted oily mouthfeel sweet entry,joy,2
woke felt sad quickly replaced feeling reassured things work time,joy,2
feel quite reluctant pick dance dragons book done knows long wait martin finish next installment took years release dance dragons feast crows,fear,1
trying demonstrate understood feeling alarmed worried safety,fear,1
feel like lot playful open girls know friends,joy,2
needed space needed grow midst serious change ok yes also hurt feelings pretty badly bit spiteful,anger,0
feel cheated since supporting family stuff spends hours day gaming,joy,2
continue feel content decision move,joy,2
cant helped feel burdened anxious,sadness,4
wont lie week abit difficult week ive feeling stressed anxious week plus think im coming flu definately helped appreciate little things,anger,0
kinda get real attached excited feel way never handle things well others would,joy,2
started feel uncomfortable got leave met comments oh yeah right two girls like wouldnt come bar youre looking attention guys,fear,1
almost didnt even feel convinced way book written,joy,2
im feeling brave ill snatch lap seconds struggling completely relaxes submits mommy scratches,joy,2
feel poachers others kill animals pelts ivory parts punished severely find hunting fishing cruel,sadness,4
feel empty cheated name friendship broken,sadness,4
feel sure go beyond,joy,2
need extra guidance feeling doubtful god seems put right message ear need right time,fear,1
feel insulted oh oh oh exexbf totally entirely,anger,0
im feeling really really sarcastic caustic theres influx idiots flists daily lives,anger,0
feel hope im alone thoughts im sure fellow exchange students probably thoughts mind least listed might say exchange student unlike experience,sadness,4
feel anna ji little bit stubborn jan lokpal bill protests related,anger,0
listen feel rebellious,anger,0
feel like less woman less person less valuable im married dating,joy,2
feeling really troubled dad said,sadness,4
id feel frantic,fear,1
learned present front class without feeling nervous,fear,1
also miss old curious child within feel curious child inside dying slowly upon shock knowing world beautiful thought,surprise,5
feeling content happy,joy,2
feel like getting terrific recruiter basketball coach person,joy,2
got back another miler faster yesterday im feeling amazing,surprise,5
im feeling adventurous might even make multiple tiers,joy,2
wouldnt say suffer social discomfort moment ive found places feel comfortable even people accepted way,joy,2
feeling cool night got right,joy,2
feeling love towards becomes somewhat vicious circle resulting feeling lazy complacent general de motivated,anger,0
cant write review book adore unless feeling adoring mood moment,love,3
feeling insecure sensitive,fear,1
feel useless days,sadness,4
feel unloved unlovable,sadness,4
feel special href http facsimilogos,joy,2
feel pretty strongly giveaway gain numbers,joy,2
feel really honoured part inaugural race sense proud local runners able show trails host event,joy,2
feel stop obnoxious think least,anger,0
didint feel love caring,love,3
feel like bit ungrateful fool written anything last week,sadness,4
even dare try explain words feel gorgeous boy house every day holding hand lifes dismays,joy,2
feeling sorts restless,fear,1
im feeling little dissatisfied,anger,0
feel helpless right,fear,1
feel like ive come long way im proud ive achieved week year well,joy,2
feeling anxious song came radio soon got car,fear,1
feel numb end world know feel numb href http leslielandberg,sadness,4
awful year racing feeling exhausted time,sadness,4
going trials feeling troubled something love put worship music driving really think words sing pray go,sadness,4
able lot stuff people managed various points lives feel missed lot life know current path ticket live live want,sadness,4
im feeling hopeful relieved,joy,2
feel might lost potty training train,sadness,4
im afraid call guy yesterday think hell angry think boss angry dont communicate feel like im shitty job project fears onto,sadness,4
always feel dull morning,sadness,4
lost words tell agonising pain feel sorrowful heart heart darkness,sadness,4
feel lashes rude,anger,0
feel groggy sorts episode counting fact got scared last night,sadness,4
know picnic feel defeated get first contraction immediately decide go epidural induced c section whatever may,sadness,4
feel vital importance stress show love towards one another genuine love please people otherwise feel free go cold like misled,joy,2
feel bit calm,joy,2
feeling brave would try pick running,joy,2
asthma barely breathe hard feel shaky weak feel like anything lie helplessly feel like collapesing much reseach got nothing,fear,1
walked refuge feeling perfect shelter storm,joy,2
find helps let go self saying let done mine feeling particularly impatient god time time,anger,0
inspired looking ideas images feel dont appreciate anymore become useless purely skill driven nothing thought,sadness,4
become someone else make random awkward jokes honestly feeling strange feels like top cloud,fear,1
hope get job cause im desperate need money feel greedy,anger,0
feel like im hated girls becoz im good dancer,sadness,4
feel like living austin really sweet ways,love,3
think itd easier parents argued could feel rebellious something p right feel like burden,anger,0
think im making feeling like missed autumn great colours,sadness,4
blamed people around making feel less valued stay home mom,joy,2
feel weekend going slutty one,love,3
get impression banjo really feeling molly still prefers beloved katy perry purrrr,love,3
didnt get prank anyone throughout whole day cos either busy feeling creative,joy,2
wish could go could hair makeup feel cute flirt talk stuff never occurs,joy,2
feeling particularly optimistic today every reason look forward amazing things,joy,2
feel books always wonderful gift baby,joy,2
told willing whatever took feel horrible every day,sadness,4
feeling cold towards partner although didnt think presented way felt like fake feelings didnt love anymore,anger,0
feel ok must reason outrageously priced,joy,2
really feel superior,joy,2
feel like line perfect,joy,2
lie feels belly listens babys heartbeat gets mad sitting without rolling onto side first tells theres protein urine nothing worried though asks anything bothering,anger,0
left feeling absoloutely devastated,sadness,4
stiffen fight feel bad behaving way naturally behave,sadness,4
work well almost every client ive ever contact know means feel depressed angry frustrated irritated hopeless apathetic feel daily,sadness,4
hear someone say let gardeners let folks whatever want feel pretty aggravated,anger,0
im feeling appreciative every experience life brought today,joy,2
feel affectionate toward,love,3
feel really shitty seriously like whole thing ruined,sadness,4
always feel love something much vaster could explore together perhaps make life something worthwhile late,joy,2
feel useless bachelors masters,sadness,4
stopped began telling wanted feel peaceful,joy,2
acted withdrawn cold towards others situations required empathy dont care dont always feel feelings fake,sadness,4
feel like nailed marriage house parts life happy content possibly aspects,joy,2
tell people feel like one sweet southern mess right,joy,2
feel folks tender plantings may set soon might actually dip freezing next nights,love,3
really feel pissed want spend time,anger,0
feel calm okay sometimes get sad,joy,2
went outside shut hens tempted brilliance stars walk across frozen fields feeling cold looking sky,anger,0
im feeling little lethargic,sadness,4
also feel passionate teaching,love,3
woke feeling little disturbed,sadness,4
take jenny spayed course im feeling nervous guilty,fear,1
received slightly belated message back daniel feel lot reassured im one thinks l emotionally insensitive,joy,2
encountered much dreams thrilled left feeling even terrified,fear,1
work like crazy extra stuff around house volunteering serving people attempt feel productive useful someone anyone pleeeeeease,joy,2
started questioning god feeling worthless even jealous others come parenthood easily,sadness,4
help feeling curious,surprise,5
feeling appreciative today,joy,2
feel kinda bitchy cranky need try take nap,anger,0
declined purchase time enjoyed feeling squishing project thinking divine yarn,joy,2
feel like add little bit shield cold fabric great wicking away sweat,anger,0
feel much relaxed going race,joy,2
feel needs clever title cant think one,joy,2
feel kind shamed,sadness,4
felt like id developed feelings guy thus explaining id even follow guy like faithful puppy dog never knew,joy,2
feel like im distracted days,anger,0
always feel sympathetic well life really hard sometimes alot pride,love,3
serious injuries setbacks infection foot couple months ago noticed knees inner foot started ache feel tender longer runs,love,3
feel like nine times long determined keen tends work anyway,joy,2
im feeling absolutely amazing,surprise,5
got shot terbutaline makes feel shaky makes heart race like drank cups coffee,fear,1
stressed job search apartment hunting feeling overwhelmed everything going,fear,1
ive feeling mad,anger,0
havent sick winter often since quit smoking years ago seldom fact get sick feel outraged hows rational thinking,anger,0
im feeling romantic thought id show easy last minute presents fashion ideas valentines day,love,3
feel restless bored im danger giving good work,fear,1
need step game im feeling like cant bothered,anger,0
feel like im unwelcome,sadness,4
feel uncomfortable carrying volvo belly nice tidy looks unsimilar beer gut dad nice hard round waddle like,fear,1
im happy report im still feeling terribly stressed,sadness,4
feel loyal micah,love,3
feel vital importance care know stuff,joy,2
feel slightly weird costume,fear,1
didnt want spending days working job didnt enjoy come home feeling stressed tired able give daughter attention deserved,anger,0
noticed fingers toes get cold almost feel numb,sadness,4
always buy couple pork loins go sale feeling clever cut half tuck gallon size ziplocks marinade stuff freezer,joy,2
feel extremely disappointed took granted,sadness,4
feel like everything hope become piller life cling despise clinging something like hopeless fucking baby,sadness,4
dont know feel virtuous accept reward,joy,2
feel like truly get excited race idea whether even able run,joy,2
usually end sitting desk feeling like work unimportant tasks browsing internet,sadness,4
feel like mom compassionate smart stable human,love,3
feel elegant dress,joy,2
still feel like lot left keep entertained,joy,2
werent feeling crappy enough aunt flo decided show im bloated like balloon,sadness,4
feeling overwhelmingly anxious went room read bible pray,fear,1
write giggle shake head humbling shame way feel somewhat triumphant,joy,2
said something familiar would love present feel anxious time,fear,1
write th post feel extremely delighted buy little corner blogger world,joy,2
know else describe except say feeling three weeks beloved grandmother passed away,joy,2
learning learning lesson matter feel even others may feel treasured god,love,3
know feel losing control trusting catch comes apart,joy,2
said feel free contact something interested finding,joy,2
lie bed knowing holy spirit got work feel burdened working hard enough,sadness,4
feel successful attempts im starting connect fact people want hear music perfection whatever,joy,2
feel like pleasant nearly transparent presence lobelia though presence necessary nonetheless,joy,2
cant feel anything like said everything always hurt bad,sadness,4
grave feeling back tomorrow strangely enough accepted,joy,2
blessed running th time could feeling anything thankful many gifts race given,joy,2
suggest take look feel curious enough know things specific english words related familiar diseases,surprise,5
type words feel like surprised,surprise,5
know sucker overhead feel triumphant,joy,2
plan obtaining mba mba program feel valuable outcomes would like,joy,2
feel bit lonely writing face face someone cant get feedback,sadness,4
great friends great housemates listened feel reminded unimportant enjoy life proud,sadness,4
learnt best friend failed exams,anger,0
told gerry yesterday feel isolated fault,sadness,4
feel days living fears another way dying time today declaring fearless,joy,2
started feel like going mad sure could see stars floating water whenever went grab one came nothing,anger,0
basically spent miserable night crying feeling terrified sick stomach,fear,1
feeling past days little distressed writing much,fear,1
im feeling jolly warm inside feel empty,joy,2
wanted read books watch tv feel miserable,sadness,4
feeling little fearful trying eat damn thing,fear,1
feel unwelcome apartment certainly,sadness,4
took care avoiding family events make feel shitty,sadness,4
body scan realized everything feeling amazing,surprise,5
feel much energized gloomy rainy autumn day,sadness,4
im sure feel fine morning,joy,2
look others feel jealous,anger,0
feel like moronic bastard,sadness,4
care read feel around guys feel hated,sadness,4
feel pressure funny time,surprise,5
im okay getting married whirlwind style courthouse going kentucky live im still feeling hurt betrayal secretive style adopted,sadness,4
feel important question would handle,joy,2
feel pretty doesnt matter un glamorous task,joy,2
could feel sincere enthusiasm people got involved project,joy,2
feel remorseful crimes committed intentionally unintentionally whether known known,sadness,4
quite figure feel devastated like lucy sure easier first time,sadness,4
feeling depressed cursing luck,sadness,4
feel truly heartbroken hyun joongs fans hateful,sadness,4
feel guilty wont able give little one amount time,sadness,4
know fact treated everyone way love seemed boundless also made feel important,joy,2
im feeling little anxious whole thing,fear,1
sure meant celebration various shades red feel insulted,anger,0
however totally petrified feeling scared death giving releasing afraid wouldnt able cap,fear,1
know feel vulnerable,fear,1
feeling melancholy alone,sadness,4
im feeling exponentially useless farm day passes,sadness,4
would point really could used bit attention writing aspect feels bit dull places,sadness,4
love hearty chat mean everything say laugh heart gut w e wan na let person feel im entertained,joy,2
also know today refuse hate jews anybody else know feels hated,sadness,4
feeling spark sure going ever turn flame,joy,2
roll tongue labia sucking nibbling drawing flesh mouth letting feel delicate pinch teeth,love,3
feel frustrated long weekday dont really plenty rest right keeps coming room,anger,0
feel like ive neglectful,sadness,4
feel like boring blogger lately,sadness,4
soon realized initial attraction activity feels playful often followed desire practice perfect talent led original enjoyment,joy,2
always feel little jealous son joined church went almost directly young women didnt learn primary songs,anger,0
feel though worthwhile career wise,joy,2
still feel like enough keep entertained still keep dusted,joy,2
always feel like amazing style days choose comfort anything else one thing feel makes difference feel makeup,joy,2
feel numb dont experience anything numbness always feels something going go wrong,sadness,4
im feeling weepy already,sadness,4
look utter horror see man holding elevator door open instead feeling terrified even telling guy get elevator imagine elevator chewing like metallic pacman pacquiao yellow guy,fear,1
havent needed pain meds maybe chillax wine feeling elegant like,joy,2
feel virtuous tough wear hat jeans tshirt without worrying,joy,2
disagree parents many issues sometimes let know feelings unkind ways,anger,0
go without new post guilty feel leaving loyal readers dark progress crazy quest set days ago,love,3
feel eager prove friend im like,joy,2
admit feel teensiest bit envious friends live,anger,0
feel easily like gentle rain warms earth brings laughter delight pause take notice blessing,love,3
hate feelings heart hate work stressed hate cornelius wont let get way im frustrated lord,sadness,4
im still feeling pretty low demotivated including ups,sadness,4
breathe feelings body resisting mind clever attempts analyse feeling,joy,2
ill likely post later feel free ask questions,joy,2
always end feeling unwelcome sad,sadness,4
feel amazing musicjuzz,joy,2
feel giggly reading comment tags,joy,2
must add crowd similar last night except much laid back stoner feel supporting cast parents escaped kids,love,3
made feel excited life,joy,2
feeling regretful recently know back abuse fault happen,sadness,4
feeling terrific,joy,2
feel quite glamorous dress,joy,2
feel like wouldnt longing could baby new experience together,love,3
feeling lot positive future virtual birth unit simulation midwifery education,joy,2
want feeling caring unnecessary stuff like felt,love,3
feel keen leave country atm,joy,2
knowing day still makes feel shy,fear,1
decided actually paint piece common canvas painting canvas make feel artistic,joy,2
really need find nitch vt feel lonely bored taking toll href http twitter,sadness,4
felt apprehensive regards party oftentimes past men made feel resentful towards attended,anger,0
feel peaceful happy,joy,2
feeling pretty distracted things going felt good go clear mind,anger,0
thought maybe started running would feel ok,joy,2
feel dirty spending day mk show buddy decided would get two player starter us luckily us liked everblight liked circle maybe tad much worked well,sadness,4
chance difficult accommodate feeling jehovah benevolent lord,joy,2
say things want without even thinking person would feel rude right,anger,0
feeling divine vibrations,joy,2
feel unimportant spends nights sara get phone call,sadness,4
dont know let go feel vain wait stay vain,sadness,4
feel lucky get experience joy sssas every day,joy,2
feel boring time,sadness,4
im one feel bothered,anger,0
feel frustration time calm hell,joy,2
slowly realized even next day six hour effects worn feeling energetic could concentrate working emotional crap better,joy,2
gifted one books feeling bit intimidated take intricate work,fear,1
feel presence divine buried inside smiling sweat dripping eager mouth,joy,2
entered office though feeling monday blues joyful serene spirit dominating,joy,2
feel shy also little concerned whether new title distance away people care,fear,1
feel productive active balance need,joy,2
need break im feeling stressed,anger,0
ive taken yoga classes years past days feeling anxious abou,fear,1
sitting couch im feeling rather ashamed get act things slap,sadness,4
feel ashamed tried best help,sadness,4
feel glad im able time spend time family,joy,2
carrot sticks program want eat super low gi veggies carrots relatively high sugar however convenient later another shake still feeling pretty lousy,sadness,4
feel watching grow self assured life loving boy,joy,2
feeling might taken truthful sincere compliment would,joy,2
feel dull pain reason,sadness,4
feel like im working half voice caleb make really wonderful night comus inn,joy,2
feel lost found november told jamie several times,sadness,4
feel like pains imagine becoming passionate group idea causing pain,joy,2
feel comfortable huge niche market waiting explored,joy,2
feel leaving work hot complicated tempered disquiet future feels hands,love,3
asked toast champagne death bed remember feeling disgusted,anger,0
remember feeling relaxed last summer boat,joy,2
dont really know ive also feeling really rebellious,anger,0
get scared feel ignored feel happy get silly choke words make wishes dreams still want believe anything could happen world ordinary girl like like ordinary girl like like,sadness,4
sure feel think felt like already knew already sort accepted,joy,2
remember moved cant remember feel foolish,sadness,4
feeling little lot lost,sadness,4
stupid said yes made feel idiotic didnt stick guns set,sadness,4
im feeling little hopeful future career,joy,2
ive got sale ad says starting tomorrow im feeling generous started,love,3
often feel discouraged frustrated want life right,sadness,4
nothing today feel little regretful,sadness,4
ever recognized feel passionate something music,love,3
im upset really feel like blank years years old,sadness,4
feel acceptable significant modernization storyline detraction,joy,2
im feeling pretty homesick week suppose thats expected,sadness,4
dont know wrong past days almost feel homesick havent even left australia yet,sadness,4
feel cranky tonight im really updating properly,anger,0
always feel stupid afterwards,sadness,4
feel appalled right,anger,0
feel underappreciated valued,joy,2
im ok feels little weird,surprise,5
never feel shy call send billion text messages wont bugging,fear,1
feel enraged amount people participating chance break things treat tourist event,anger,0
actually feel halfway benevolent,joy,2
like church sundays makes feel virtuous self effacing settled week ahead,joy,2
thinking fact xanax slows system allows feel relaxed also might leave enough energy motivation,joy,2
im crashing feel irritable estrogen ish,anger,0
ignore voice well knowing matter feel humiliated request like feeling welcome flushed hot feeling embarrassment arouse,sadness,4
feel rotten remind fruit spoil,sadness,4
guess could described really feeling like part popular bands comers growing local band,joy,2
top game fingers feel strong loose,joy,2
realized would sad leave plane soon feeling unloved rejected need transfer feelings sadness children left behind know love appreciate father,sadness,4
choose tell whole word im feeling fake happy stories,sadness,4
never dreamed would busy soon new year loving feeling gracious fortunate,joy,2
still feeling tad strange pearly whites,surprise,5
feel pathetic useless unable anything,sadness,4
ive hour weeks ill get paid extra time starting feel bit abused putting lot pressure look kids cooking cleaning,sadness,4
feel inside cause life like game sometimes came around walls disappeared nothing surround keep fears im unprotected see ive opened youve made trust,fear,1
feeling distracted yesterday,anger,0
feel needy latley,sadness,4
feel reassured behavior matter definitely continue business,joy,2
feeling bit jaded day told hell,sadness,4
feel bouncy could easily run hours,joy,2
dont really care dont feel proud,joy,2
ive started feeling like almost nothing worth getting agitated,fear,1
im polyamorous something im starting feel truly accepted,love,3
feel like room messy theyre open,sadness,4
feel rebellious wish could things legally cant smoke drink drive,anger,0
know feel sure feel sad cause ending feel glad move,joy,2
feel discontent guilty pathetic lonley hate,sadness,4
see nice words keep heart feeling wonderful,joy,2
feel intimidated overwhelmed information though,fear,1
mean get angry bommie control feelings hellip hated like dara get b,sadness,4
got house feeling fairly calm photographer weaving way bridesmaids touch ups dad telling story mom running house manage go list bridesmaids start clamoring dress,joy,2
feel could gentle light future,love,3
feel really selfish feel guilty think hurting,anger,0
feel emotional today,sadness,4
feel foolish look facebook page see many friends love much would someone like want,sadness,4
im feeling good days complaints getting harder harder move around chase stone getting harder harder find clothes fit,joy,2
ive feeling groggy whole day,sadness,4
feel gorgeous yes,joy,2
feeling little apprehensive whole thing,fear,1
feel bassanio sincere wooing portia,joy,2
feel hopeless sometimes,sadness,4
cooking dinner feeling pretty melancholy zane lowe gave first spin radio one show tuesday song matched mood perfectly,sadness,4
gaining weight getting lot stronger feeling amazing,joy,2
feeling amazing seeing difference,surprise,5
im feeling playful href http,joy,2
check sleeping feel nose toes sure hot cold,joy,2
send children private school apologize explain feel embarrassed choice,sadness,4
remember wanting fit bad feeling like one liked,love,3
also feel helped newbie bloggers connect feel welcomed immediately,joy,2
feel divine ways one,joy,2
feeling disheartened going dates feel meeting anyone clicked would consider long term relationship,sadness,4
still feel aching loneliness quiet hospital room,sadness,4
feeling especially brave asked take engagement photos hawaii,joy,2
see turns talk right feeling proud scared little sick think adrenaline though,joy,2
im feeling damn gloomy,sadness,4
feel warmth gentle sun,love,3
guess long table policy discussions working fighting change within american theater feel im devoted get behind though seems slanted,love,3
feeling optimistic blue skies wind temperatures hovering degrees,joy,2
also feel need mention animators pixar sure outdid time,joy,2
feeling playful day replied lighthearted bit banter unwittingly replacing question mark solid check mark voice right funny yet informational dummies series,joy,2
feeling rather cranky cos thinking lack sleep bah,anger,0
feel scared anxious,fear,1
feel really valuable contemplate phrase thy done lives,joy,2
spent last night couch feeling like suffering hypothermia house remained balmy,sadness,4
dont want always judgmental particular men scenarios often see area much trafficking forced sex work basically amounts slavery hard feel slightly embittered disillusioned,sadness,4
strong feelings book neither hated loved,anger,0
blunder life ignoring pain possible feeling dull ache like hearing slightest echo scream far away,sadness,4
im feeling cooped impatient annoyingly bored,anger,0
im able refine poses concepts without feeling rushed,anger,0
im thinking well could bit smaller health reasons see doctor regularly im feeling crappy,sadness,4
came airport makes feel irritable uncomfortable even sadder,anger,0
wasnt feeling sociable really wasnt,joy,2
im feeling scared rage filled im mad,fear,1
found fighting back wakes sleep time time feeling hurt sting abandonment first love,sadness,4
feel defeated take advil suppose get inflammation inside well outside necessary,sadness,4
kinda feeling ignored,sadness,4
really feel like gentle reminders god hasnt always promised easy road promised us travel rough ones,love,3
dont blame im angry infact feel fairly sympathetic,love,3
feel tortured delilahlwl considering one day one closest friends raping killing chicks,anger,0
told fiance feeling angry upset,anger,0
feel suffering,sadness,4
keep feeling like someone unkind wrong think get back people close,anger,0
im feeling little cranky negative doctors appointment,anger,0
feel useful people gives great feeling achievement,joy,2
im feeling comfortable derby feel though start step shell,joy,2
feel weird meet w people text like dont talk face face w,fear,1
